# time, rx_packets, rx_bytes, tx_packets, tx_bytes, qdisc, bytes, packets, drops, overlimits, BACKLOG (queue depth), repeat...
1788648191.213269 41 2918 1471 1458078 tbf 0 1457204 1460 0 773
1788648191.235631 0 0 9 7034 tbf 0 1464238 1469 0 773
1788648191.258001 0 0 8 6480 tbf 0 1471272 1478 0 773
1788648191.280234 0 0 3 2686 tbf 0 1473404 1480 0 773
1788648191.302406 0 0 55 55046 tbf 1066 1532714 1539 0 815
1788648191.324251 0 0 122 124932 tbf 0 1660844 1664 0 885
1788648191.346297 0 0 127 128726 tbf 0 1789570 1791 0 963
1788648191.368316 0 0 124 124504 tbf 0 1914628 1916 0 1043
1788648191.390358 0 0 115 119518 tbf 0 2034700 2032 0 1105
1788648191.412277 0 0 127 129238 tbf 0 2166028 2160 0 1201
1788648191.436571 0 0 136 141392 tbf 0 2301578 2291 0 1295
1788648191.458255 0 0 122 124420 tbf 1066 2429196 2416 0 1370
1788648191.480422 0 0 126 131756 tbf 0 2557200 2538 0 1413
1788648191.502546 0 0 125 127106 tbf 4818 2688570 2667 0 1507
1788648191.524768 0 0 125 125570 tbf 0 2815760 2794 0 1582
1788648191.547185 0 0 49 45578 tbf 0 2856008 2838 0 1592
1788648191.569139 0 0 109 115682 tbf 0 2971136 2946 0 1651
1788648191.591315 0 0 117 123698 tbf 0 3099098 3067 0 1716
1788648191.613976 0 0 113 120458 tbf 0 3220622 3181 0 1751
1788648191.636401 0 0 113 120458 tbf 2132 3342146 3295 0 1804
1788648191.658452 0 0 117 124722 tbf 0 3459406 3405 0 1872
1788648191.681070 0 0 110 117260 tbf 0 3580930 3519 0 1932
1788648191.702984 0 0 119 126854 tbf 0 3707784 3638 0 1997
1788648191.725269 0 0 116 122632 tbf 3198 3829350 3753 0 2052
1788648191.747093 0 0 125 128642 tbf 0 3956414 3877 0 2156
1788648191.769210 0 0 110 116236 tbf 0 4075294 3989 0 2217
1788648191.791002 0 0 117 124722 tbf 0 4200016 4106 0 2300
1788648191.813446 0 0 120 127920 tbf 0 4329002 4227 0 2376
1788648191.835516 0 0 103 109798 tbf 0 4438800 4330 0 2410
1788648191.857822 0 0 119 126854 tbf 0 4561390 4445 0 2461
1788648191.879591 0 0 117 123186 tbf 0 4685642 4563 0 2520
1788648191.902259 0 0 117 121138 tbf 0 4814796 4688 0 2584
1788648191.924123 0 0 124 129624 tbf 1066 4940668 4808 0 2690
1788648191.947800 0 0 130 136532 tbf 1066 5075068 4936 0 2776
1788648191.970193 0 0 124 127064 tbf 0 5194670 5053 0 2841
1788648191.992862 0 0 112 115296 tbf 0 5314230 5169 0 2915
1788648192.014875 0 0 108 115128 tbf 0 5432556 5280 0 2964
1788648192.037160 0 0 125 133250 tbf 0 5564740 5404 0 3036
1788648192.059008 0 0 122 123908 tbf 0 5691888 5530 0 3110
1788648192.081283 0 0 127 129238 tbf 0 5817886 5653 0 3169
1788648192.103643 0 0 116 123144 tbf 0 5946360 5774 0 3237
1788648192.126281 0 0 115 122590 tbf 0 6063620 5884 0 3289
1788648192.148598 0 0 118 124764 tbf 0 6193714 6007 0 3372
1788648192.170681 0 0 122 124932 tbf 0 6319200 6130 0 3490
1788648192.192927 0 0 133 132562 tbf 0 6447498 6259 0 3567
1788648192.214803 0 0 121 123866 tbf 1066 6569232 6378 0 3639
1788648192.237672 0 0 121 123354 tbf 0 6695230 6501 0 3700
1788648192.259443 0 0 110 117260 tbf 0 6810358 6609 0 3755
1788648192.281713 0 0 26 27716 tbf 0 6831678 6629 0 3775
1788648192.303754 0 0 0 0 tbf 0 6831678 6629 0 3775
1788648192.326014 0 0 0 0 tbf 0 6831678 6629 0 3775
1788648192.348369 0 0 0 0 tbf 0 6831678 6629 0 3775
1788648192.371367 0 0 29 30914 tbf 0 6867922 6663 0 3792
1788648192.393304 0 0 109 116194 tbf 0 6986248 6774 0 3844
1788648192.415878 0 0 119 126854 tbf 1066 7112036 6892 0 3908
1788648192.438029 0 0 116 123656 tbf 0 7236758 7009 0 3979
1788648192.461695 0 0 108 115128 tbf 2132 7363612 7128 0 4038
1788648192.483510 0 0 124 132184 tbf 0 7483004 7240 0 4108
1788648192.506540 0 0 109 116194 tbf 0 7605594 7355 0 4171
1788648192.528424 0 0 117 124722 tbf 0 7722854 7465 0 4223
1788648192.550555 0 0 113 120458 tbf 0 7846510 7581 0 4282
1788648192.572465 0 0 114 121524 tbf 0 7963770 7691 0 4357
1788648192.594975 0 0 112 119392 tbf 1066 8088492 7808 0 4427
1788648192.616927 0 0 105 111930 tbf 0 8195092 7908 0 4480
1788648192.639277 0 0 102 108732 tbf 0 8309154 8015 0 4530
1788648192.661310 0 0 118 125788 tbf 0 8430678 8129 0 4586
1788648192.683620 0 0 105 111930 tbf 0 8543674 8235 0 4639
1788648192.705649 0 0 114 121524 tbf 0 8665198 8349 0 4684
1788648192.728177 0 0 112 119392 tbf 0 8789920 8466 0 4756
1788648192.750038 0 0 118 125788 tbf 0 8908246 8577 0 4822
1788648192.772349 0 0 114 121524 tbf 0 9032968 8694 0 4889
1788648192.794397 0 0 112 119392 tbf 2132 9151294 8805 0 4948
1788648192.816839 0 0 110 117260 tbf 0 9274950 8921 0 5019
1788648192.838707 0 0 119 126854 tbf 0 9396474 9035 0 5084
1788648192.861632 0 0 116 123656 tbf 0 9524394 9155 0 5162
1788648192.884032 0 0 24 25584 tbf 0 9538252 9168 0 5163
1788648192.906701 0 0 15 15990 tbf 0 9560638 9189 0 5164
1788648192.928717 0 0 115 122590 tbf 0 9681096 9302 0 5212
1788648192.950932 0 0 109 116194 tbf 0 9802620 9416 0 5258
1788648192.972764 0 0 117 124722 tbf 0 9928408 9534 0 5318
1788648192.995608 0 0 118 125788 tbf 2132 10057394 9655 0 5385
1788648193.017501 0 0 124 132184 tbf 0 10186380 9776 0 5446
1788648193.039739 0 0 113 120458 tbf 0 10303640 9886 0 5494
1788648193.061475 0 0 122 129056 tbf 0 10430564 10006 0 5560
1788648193.083785 0 0 117 124722 tbf 1066 10559550 10127 0 5629
1788648193.105597 0 0 120 127920 tbf 0 10683206 10243 0 5695
1788648193.127831 0 0 121 128986 tbf 1066 10814324 10366 0 5774
1788648193.149730 0 0 111 118326 tbf 0 10932650 10477 0 5854
1788648193.172419 0 0 112 119392 tbf 0 11056306 10593 0 5949
1788648193.194436 0 0 108 115128 tbf 0 11165038 10695 0 6014
1788648193.216713 0 0 109 116194 tbf 0 11280166 10803 0 6059
1788648193.238597 0 0 111 118326 tbf 0 11397426 10913 0 6136
1788648193.260845 0 0 111 118326 tbf 0 11523214 11031 0 6204
1788648193.282722 0 0 118 125788 tbf 0 11643672 11144 0 6289
1788648193.305071 0 0 108 115128 tbf 0 11758800 11252 0 6338
1788648193.326900 0 0 117 124722 tbf 0 11881390 11367 0 6403
1788648193.349513 0 0 116 123656 tbf 0 12008244 11486 0 6458
1788648193.371824 0 0 113 120458 tbf 1066 12128702 11599 0 6523
1788648193.393817 0 0 111 118326 tbf 0 12250226 11713 0 6581
1788648193.416446 0 0 96 102336 tbf 0 12342968 11800 0 6620
1788648193.438555 0 0 1 1066 tbf 0 12344034 11801 0 6620
1788648193.461131 0 0 2 2132 tbf 0 12346166 11803 0 6620
1788648193.483310 0 0 4 4264 tbf 0 12350430 11807 0 6620
1788648193.506525 0 0 46 49036 tbf 0 12412258 11865 0 6652
1788648193.528390 0 0 124 132184 tbf 0 12538046 11983 0 6725
1788648193.550817 0 0 102 108732 tbf 0 12647844 12086 0 6781
1788648193.572752 0 0 121 128986 tbf 0 12776830 12207 0 6835
1788648193.594882 0 0 111 118326 tbf 0 12893024 12316 0 6878
1788648193.616854 0 0 124 132184 tbf 0 13024142 12439 0 6949
1788648193.639050 0 0 116 123656 tbf 0 13150996 12558 0 7008
1788648193.661191 0 0 121 128986 tbf 0 13276784 12676 0 7076
1788648193.683620 0 0 111 118326 tbf 0 13400440 12792 0 7135
1788648193.705738 0 0 119 126854 tbf 1066 13524096 12908 0 7187
1788648193.728238 0 0 105 111930 tbf 0 13640290 13017 0 7246
1788648193.751419 0 0 112 119392 tbf 0 13765012 13134 0 7290
1788648193.774271 0 0 123 131118 tbf 1066 13891866 13253 0 7347
1788648193.796306 0 0 118 125788 tbf 0 14010192 13364 0 7431
1788648193.818633 0 0 116 123656 tbf 1066 14141310 13487 0 7502
1788648193.840863 0 0 79 84214 tbf 0 14213798 13555 0 7537
1788648193.863381 0 0 1 1066 tbf 0 14214864 13556 0 7537
1788648193.885515 0 0 2 2132 tbf 0 14216996 13558 0 7538
1788648193.908287 0 0 3 3198 tbf 0 14220194 13561 0 7538
1788648193.930305 0 0 4 4264 tbf 0 14224458 13565 0 7538
1788648193.953003 0 0 8 4944 tbf 0 14230510 13575 0 7538
1788648193.974906 0 0 32 23872 tbf 0 14255960 13608 0 7541
1788648193.998145 0 0 120 123824 tbf 0 14389932 13738 0 7631
1788648194.020336 0 0 125 125058 tbf 0 14513924 13862 0 7703
1788648194.044533 0 0 114 120500 tbf 0 14641844 13982 0 7779
1788648194.066956 0 0 131 136574 tbf 0 14767758 14103 0 7836
1788648194.089215 0 0 129 133418 tbf 0 14899044 14230 0 7893
1788648194.111192 0 0 117 124722 tbf 0 15023766 14347 0 7981
1788648194.133735 0 0 131 135550 tbf 0 15161448 14480 0 8091
1788648194.155601 0 0 118 122716 tbf 0 15285230 14599 0 8141
1788648194.177965 0 0 134 136700 tbf 0 15422484 14734 0 8221
1788648194.199961 0 0 122 123908 tbf 2132 15546392 14856 0 8324
1788648194.222156 0 0 125 129666 tbf 0 15671240 14976 0 8393
1788648194.244051 0 0 129 130346 tbf 1066 15803718 15107 0 8507
1788648194.266370 0 0 116 121608 tbf 0 15926946 15225 0 8574
1788648194.288279 0 0 123 128046 tbf 3198 16054438 15347 0 8650
1788648194.310539 0 0 112 118880 tbf 0 16176558 15463 0 8717
1788648194.333403 0 0 127 129750 tbf 0 16305200 15588 0 8799
1788648194.355738 0 0 113 111754 tbf 0 16408468 15694 0 8870
1788648194.377881 0 0 14 10828 tbf 0 16419296 15708 0 8874
1788648194.400718 0 0 20 13640 tbf 0 16431316 15726 0 8876
1788648194.422733 0 0 14 9292 tbf 0 16440054 15739 0 8877
1788648194.445475 0 0 35 33214 tbf 0 16478598 15779 0 8885
1788648194.467232 0 0 110 117260 tbf 0 16594792 15888 0 8961
1788648194.489593 0 0 119 122758 tbf 0 16723476 16014 0 9045
1788648194.511457 0 0 113 116362 tbf 1066 16842440 16128 0 9095
1788648194.533777 0 0 132 137128 tbf 2132 16971594 16253 0 9185
1788648194.555774 0 0 123 125998 tbf 1066 17102368 16380 0 9274
1788648194.578486 0 0 123 131118 tbf 0 17227090 16497 0 9376
1788648194.600531 0 0 113 120458 tbf 0 17352878 16615 0 9420
1788648194.623016 0 0 116 123656 tbf 0 17476534 16731 0 9481
1788648194.644987 0 0 118 125788 tbf 0 17603388 16850 0 9535
1788648194.667251 0 0 117 124722 tbf 0 17727044 16966 0 9616
1788648194.689168 0 0 114 121524 tbf 0 17847502 17079 0 9658
1788648194.711463 0 0 118 125788 tbf 0 17975422 17199 0 9723
1788648194.733443 0 0 113 120458 tbf 0 18092682 17309 0 9803
1788648194.755846 0 0 111 118326 tbf 0 18214206 17423 0 9855
1788648194.777764 0 0 113 120458 tbf 1066 18329334 17531 0 9899
1788648194.800119 0 0 120 127920 tbf 0 18460452 17654 0 9954
1788648194.822341 0 0 111 118326 tbf 0 18580910 17767 0 10038
1788648194.844265 0 0 118 125788 tbf 0 18702434 17881 0 10082
1788648194.867115 0 0 111 118326 tbf 0 18825024 17996 0 10146
1788648194.889111 0 0 116 123656 tbf 0 18943350 18107 0 10223
1788648194.911406 0 0 112 119392 tbf 0 19068072 18224 0 10283
1788648194.933406 0 0 121 128986 tbf 0 19193860 18342 0 10350
1788648194.955984 0 0 72 76752 tbf 0 19264216 18408 0 10377
1788648194.978952 0 0 0 0 tbf 0 19264216 18408 0 10377
1788648195.001712 0 0 0 0 tbf 0 19264216 18408 0 10377
1788648195.023918 0 0 6 6396 tbf 0 19273810 18417 0 10377
1788648195.046651 0 0 110 117260 tbf 0 19393202 18529 0 10424
1788648195.068475 0 0 114 121524 tbf 0 19514726 18643 0 10474
1788648195.093099 0 0 121 123354 tbf 3198 19661574 18787 0 10597
1788648195.114997 0 0 147 149534 tbf 0 19786548 18910 0 10682
1788648195.138151 0 0 113 119946 tbf 1066 19916088 19032 0 10762
1788648195.160055 0 0 119 125830 tbf 1066 20034456 19144 0 10801
1788648195.182258 0 0 128 130304 tbf 0 20164760 19272 0 10876
1788648195.204292 0 0 119 124806 tbf 0 20286368 19388 0 10951
1788648195.226592 0 0 125 128642 tbf 0 20421960 19520 0 11048
1788648195.248965 0 0 130 133460 tbf 2132 20556998 19651 0 11152
1788648195.271949 0 0 138 139940 tbf 0 20695914 19789 0 11231
1788648195.293771 0 0 121 123354 tbf 0 20819226 19909 0 11287
1788648195.316184 0 0 116 123144 tbf 0 20941304 20024 0 11335
1788648195.338319 0 0 119 126854 tbf 0 21066026 20141 0 11417
1788648195.360796 0 0 109 116194 tbf 0 21186484 20254 0 11503
1788648195.382876 0 0 116 123656 tbf 0 21305876 20366 0 11544
1788648195.405429 0 0 119 126854 tbf 0 21436994 20489 0 11602
1788648195.427255 0 0 118 125788 tbf 1066 21556386 20601 0 11654
1788648195.449632 0 0 115 122590 tbf 2132 21687504 20724 0 11739
1788648195.471592 0 0 127 135382 tbf 0 21817556 20846 0 11814
1788648195.493955 0 0 131 135550 tbf 0 21953106 20977 0 11874
1788648195.515893 0 0 133 136658 tbf 1066 22090318 21111 0 12012
1788648195.538388 0 0 89 87706 tbf 0 22170008 21192 0 12042
1788648195.560465 0 0 9 6010 tbf 0 22176018 21201 0 12042
1788648195.583157 0 0 15 10870 tbf 0 22187484 21218 0 12043
1788648195.605365 0 0 5 3282 tbf 0 22189104 21220 0 12043
1788648195.629869 0 0 10 6052 tbf 0 22195710 21231 0 12043
1788648195.651990 0 0 70 72060 tbf 0 22270414 21303 0 12080
1788648195.686552 0 0 117 124722 tbf 0 22472954 21493 0 12196
1788648195.709169 0 0 183 194566 tbf 0 22598230 21611 0 12281
1788648195.731085 0 0 118 125788 tbf 0 22716556 21722 0 12339
1788648195.753161 0 0 117 124722 tbf 0 22845542 21843 0 12412
1788648195.775101 0 0 115 122590 tbf 0 22968132 21958 0 12461
1788648195.798439 0 0 119 126854 tbf 3198 23096052 22078 0 12514
1788648195.820834 0 0 119 126854 tbf 0 23216510 22191 0 12585
1788648195.843111 0 0 103 109798 tbf 0 23338588 22306 0 12668
1788648195.864998 0 0 135 137766 tbf 0 23468892 22434 0 12719
1788648195.887229 0 0 127 127702 tbf 0 23594974 22559 0 12793
1788648195.909142 0 0 120 125872 tbf 0 23725110 22683 0 12896
1788648195.931441 0 0 130 133460 tbf 0 23858058 22813 0 12958
1788648195.953531 0 0 138 139940 tbf 0 23995354 22949 0 13062
1788648195.976668 0 0 121 122842 tbf 0 24126724 23078 0 13130
1788648195.998458 0 0 129 131882 tbf 0 24250036 23198 0 13191
1788648196.020922 0 0 121 125402 tbf 1066 24374372 23318 0 13260
1788648196.043136 0 0 114 115892 tbf 1066 24494016 23436 0 13349
1788648196.066311 0 0 122 125444 tbf 0 24617840 23556 0 13405
1788648196.088407 0 0 119 120710 tbf 0 24739104 23676 0 13471
1788648196.110611 0 0 135 138790 tbf 1066 24876828 23810 0 13545
1788648196.132481 0 0 121 127962 tbf 0 25003170 23929 0 13574
1788648196.154909 0 0 87 89158 tbf 0 25087552 24012 0 13623
1788648196.178590 0 0 4 3240 tbf 0 25089172 24014 0 13623
1788648196.200877 0 0 5 5330 tbf 0 25094502 24019 0 13623
1788648196.223382 0 0 2 2132 tbf 0 25096634 24021 0 13623
1788648196.246195 0 0 1 1066 tbf 0 25098766 24023 0 13623
1788648196.268996 0 0 5 5330 tbf 0 25103030 24027 0 13623
1788648196.291855 0 0 101 107666 tbf 0 25221356 24138 0 13688
1788648196.314442 0 0 118 125788 tbf 0 25343946 24253 0 13749
1788648196.336636 0 0 115 122590 tbf 0 25463338 24365 0 13813
1788648196.358858 0 0 115 122590 tbf 0 25588060 24482 0 13876
1788648196.380756 0 0 112 119392 tbf 0 25708518 24595 0 13935
1788648196.403837 0 0 118 125788 tbf 0 25836438 24715 0 14013
1788648196.425618 0 0 115 122590 tbf 0 25953698 24825 0 14061
1788648196.447927 0 0 114 121524 tbf 1066 26078420 24942 0 14154
1788648196.470420 0 0 110 117260 tbf 0 26196746 25053 0 14211
1788648196.492992 0 0 112 119392 tbf 0 26315072 25164 0 14271
1788648196.514884 0 0 111 118326 tbf 0 26434464 25276 0 14321
1788648196.539866 0 0 128 136448 tbf 0 26570912 25404 0 14433
1788648196.562089 0 0 112 119392 tbf 0 26688172 25514 0 14504
1788648196.584462 0 0 80 85280 tbf 0 26767056 25588 0 14539
1788648196.606352 0 0 5 4335 tbf 0 26771391 25593 0 14539
1788648196.628805 0 0 3 3198 tbf 0 26774589 25596 0 14539
1788648196.650988 1 66 2 2132 tbf 0 26777787 25599 0 14539
1788648196.673587 0 0 2 2132 tbf 0 26778853 25600 0 14539
1788648196.695662 0 0 2 2132 tbf 0 26780985 25602 0 14539
1788648196.719469 0 0 1 1066 tbf 0 26782051 25603 0 14539
1788648196.741381 0 0 3 3198 tbf 0 26785249 25606 0 14539
1788648196.764343 0 0 3 3198 tbf 0 26788447 25609 0 14539
1788648196.786292 0 0 3 3198 tbf 0 26791645 25612 0 14539
1788648196.808819 0 0 4 4264 tbf 0 26795909 25616 0 14539
1788648196.831640 0 0 0 0 tbf 0 26795909 25616 0 14539
1788648196.854436 0 0 1 1066 tbf 0 26796975 25617 0 14539
1788648196.877663 0 0 1 1066 tbf 0 26798041 25618 0 14539
1788648196.900997 0 0 0 0 tbf 0 26798041 25618 0 14539
1788648196.924340 0 0 0 0 tbf 0 26798041 25618 0 14539
1788648196.946941 0 0 0 0 tbf 0 26798041 25618 0 14539
1788648196.970079 0 0 0 0 tbf 0 26798041 25618 0 14539
1788648196.993284 0 0 0 0 tbf 0 26798041 25618 0 14539
1788648197.016469 0 0 0 0 tbf 0 26798041 25618 0 14539
1788648197.039150 0 0 8 4432 tbf 0 26802473 25626 0 14539
1788648197.061447 0 0 3 1662 tbf 0 26804135 25629 0 14539
1788648197.084424 0 0 4 2216 tbf 0 26806351 25633 0 14539
1788648197.107112 0 0 12 6648 tbf 0 26812999 25645 0 14539
1788648197.129066 0 0 18 9972 tbf 0 26822971 25663 0 14539
1788648197.151551 0 0 13 7202 tbf 0 26831281 25678 0 14539
1788648197.173550 0 0 6 3324 tbf 0 26833497 25682 0 14539
1788648197.196335 0 0 5 2770 tbf 0 26836267 25687 0 14539
1788648197.218534 0 0 3 1662 tbf 0 26837929 25690 0 14539
1788648197.242461 0 0 10 5540 tbf 0 26843469 25700 0 14539
1788648197.264726 0 0 6 3324 tbf 0 26847347 25707 0 14539
1788648197.287225 0 0 13 7202 tbf 0 26853995 25719 0 14539
1788648197.309238 0 0 12 6648 tbf 0 26861197 25732 0 14539
1788648197.331556 0 0 18 9972 tbf 0 26870615 25749 0 14539
1788648197.353761 0 0 7 3878 tbf 0 26874493 25756 0 14539
1788648197.376352 0 0 4 2216 tbf 0 26876709 25760 0 14539
1788648197.398419 0 0 2 624 tbf 0 26877333 25762 0 14539
1788648197.421136 1 70 14 7756 tbf 0 26885643 25777 0 14539
1788648197.443320 0 0 12 6648 tbf 0 26891737 25788 0 14539
1788648197.465819 0 0 6 3324 tbf 0 26895061 25794 0 14539
1788648197.488238 0 0 7 3878 tbf 0 26899493 25802 0 14539
1788648197.510520 0 0 8 4432 tbf 0 26903371 25809 0 14539
1788648197.532984 0 0 13 7202 tbf 0 26910573 25822 0 14539
1788648197.555465 0 0 7 3878 tbf 0 26914451 25829 0 14539
1788648197.578271 0 0 1 554 tbf 0 26915005 25830 0 14539
1788648197.600896 0 0 2 1108 tbf 0 26917221 25834 0 14539
1788648197.622838 5 336 15 5871 tbf 0 26921984 25847 0 14539
1788648197.645237 0 0 5 2770 tbf 0 26924754 25852 0 14539
1788648197.667419 0 0 12 6648 tbf 0 26932510 25866 0 14539
1788648197.689984 0 0 12 6648 tbf 0 26938604 25877 0 14539
1788648197.712962 0 0 10 5540 tbf 0 26943590 25886 0 14539
1788648197.736915 0 0 0 0 tbf 0 26943590 25886 0 14539
1788648197.758966 0 0 0 0 tbf 0 26943590 25886 0 14539
1788648197.783178 0 0 0 0 tbf 0 26943590 25886 0 14539
1788648197.806316 0 0 0 0 tbf 0 26943590 25886 0 14539
1788648197.829752 0 0 0 0 tbf 0 26943590 25886 0 14539
1788648197.852657 0 0 0 0 tbf 0 26943590 25886 0 14539
1788648197.875187 0 0 4 2216 tbf 0 26945806 25890 0 14539
1788648197.897143 0 0 12 6648 tbf 0 26952454 25902 0 14539
1788648197.919789 0 0 2 1108 tbf 0 26953562 25904 0 14539
1788648197.942146 0 0 5 2770 tbf 0 26956886 25910 0 14539
1788648197.964575 0 0 14 7756 tbf 0 26964088 25923 0 14539
1788648197.986964 0 0 5 2770 tbf 0 26966858 25928 0 14539
1788648198.009459 0 0 8 4432 tbf 0 26971290 25936 0 14539
1788648198.031827 0 0 5 2770 tbf 0 26974060 25941 0 14539
1788648198.054365 0 0 8 4432 tbf 0 26978492 25949 0 14539
1788648198.076580 0 0 13 7202 tbf 0 26985694 25962 0 14539
1788648198.100283 0 0 2 1108 tbf 0 26986802 25964 0 14539
1788648198.122300 0 0 0 0 tbf 0 26986802 25964 0 14539
1788648198.145955 0 0 0 0 tbf 0 26986802 25964 0 14539
1788648198.168023 0 0 1 70 tbf 0 26986872 25965 0 14539
1788648198.191022 0 0 0 0 tbf 0 26986872 25965 0 14539
1788648198.214246 0 0 0 0 tbf 0 26986872 25965 0 14539
1788648198.237491 0 0 0 0 tbf 0 26986872 25965 0 14539
1788648198.260654 0 0 0 0 tbf 0 26986872 25965 0 14539
1788648198.284311 0 0 0 0 tbf 0 26986872 25965 0 14539
1788648198.306299 0 0 0 0 tbf 0 26986872 25965 0 14539
1788648198.329306 0 0 0 0 tbf 0 26986872 25965 0 14539
1788648198.352615 0 0 0 0 tbf 0 26986872 25965 0 14539
1788648198.376076 0 0 0 0 tbf 0 26986872 25965 0 14539
1788648198.398119 0 0 0 0 tbf 0 26986872 25965 0 14539
1788648198.421020 0 0 0 0 tbf 0 26986872 25965 0 14539
1788648198.443229 0 0 0 0 tbf 0 26986872 25965 0 14539
1788648198.465724 0 0 0 0 tbf 0 26986872 25965 0 14539
1788648198.489024 0 0 0 0 tbf 0 26986872 25965 0 14539
1788648198.512737 0 0 0 0 tbf 0 26986872 25965 0 14539
1788648198.535023 0 0 0 0 tbf 0 26986872 25965 0 14539
1788648198.558893 0 0 0 0 tbf 0 26986872 25965 0 14539
1788648198.582426 0 0 0 0 tbf 0 26986872 25965 0 14539
1788648198.604893 0 0 0 0 tbf 0 26986872 25965 0 14539
1788648198.628494 0 0 0 0 tbf 0 26986872 25965 0 14539
1788648198.651573 0 0 0 0 tbf 0 26986872 25965 0 14539
1788648198.674526 0 0 0 0 tbf 0 26986872 25965 0 14539
1788648198.696711 0 0 0 0 tbf 0 26986872 25965 0 14539
1788648198.719043 0 0 0 0 tbf 0 26986872 25965 0 14539
1788648198.742129 0 0 0 0 tbf 0 26986872 25965 0 14539
1788648198.765486 0 0 0 0 tbf 0 26986872 25965 0 14539
1788648198.788633 0 0 0 0 tbf 0 26986872 25965 0 14539
1788648198.811798 0 0 0 0 tbf 0 26986872 25965 0 14539
1788648198.834914 0 0 0 0 tbf 0 26986872 25965 0 14539
1788648198.858829 0 0 0 0 tbf 0 26986872 25965 0 14539
1788648198.881937 0 0 0 0 tbf 0 26986872 25965 0 14539
1788648198.904433 0 0 0 0 tbf 0 26986872 25965 0 14539
1788648198.927383 0 0 0 0 tbf 0 26986872 25965 0 14539
1788648198.949822 0 0 0 0 tbf 0 26986872 25965 0 14539
1788648198.972248 0 0 0 0 tbf 0 26986872 25965 0 14539
1788648198.994999 0 0 0 0 tbf 0 26986872 25965 0 14539
1788648199.017553 0 0 0 0 tbf 0 26986872 25965 0 14539
1788648199.041078 0 0 0 0 tbf 0 26986872 25965 0 14539
1788648199.063281 0 0 0 0 tbf 0 26986872 25965 0 14539
1788648199.086711 0 0 0 0 tbf 0 26986872 25965 0 14539
1788648199.109232 0 0 0 0 tbf 0 26986872 25965 0 14539
1788648199.131774 0 0 0 0 tbf 0 26986872 25965 0 14539
1788648199.154963 0 0 0 0 tbf 0 26986872 25965 0 14539
1788648199.177374 0 0 0 0 tbf 0 26986872 25965 0 14539
1788648199.199610 0 0 0 0 tbf 0 26986872 25965 0 14539
1788648199.223177 0 0 0 0 tbf 0 26986872 25965 0 14539
1788648199.246243 0 0 0 0 tbf 0 26986872 25965 0 14539
1788648199.269668 0 0 0 0 tbf 0 26986872 25965 0 14539
1788648199.292104 0 0 0 0 tbf 0 26986872 25965 0 14539
1788648199.314821 0 0 0 0 tbf 0 26986872 25965 0 14539
1788648199.337422 0 0 0 0 tbf 0 26986872 25965 0 14539
1788648199.360529 0 0 0 0 tbf 0 26986872 25965 0 14539
1788648199.383186 0 0 0 0 tbf 0 26986872 25965 0 14539
1788648199.408632 0 0 0 0 tbf 0 26986872 25965 0 14539
1788648199.430819 0 0 0 0 tbf 0 26986872 25965 0 14539
1788648199.453407 0 0 0 0 tbf 0 26986872 25965 0 14539
1788648199.476111 0 0 0 0 tbf 0 26986872 25965 0 14539
1788648199.498755 0 0 0 0 tbf 0 26986872 25965 0 14539
1788648199.521857 0 0 0 0 tbf 0 26986872 25965 0 14539
1788648199.544535 0 0 0 0 tbf 0 26986872 25965 0 14539
1788648199.567550 0 0 0 0 tbf 0 26986872 25965 0 14539
1788648199.590810 0 0 0 0 tbf 0 26986872 25965 0 14539
1788648199.613825 0 0 0 0 tbf 0 26986872 25965 0 14539
1788648199.636596 0 0 0 0 tbf 0 26986872 25965 0 14539
1788648199.658692 0 0 0 0 tbf 0 26986872 25965 0 14539
1788648199.681294 0 0 0 0 tbf 0 26986872 25965 0 14539
1788648199.703268 0 0 0 0 tbf 0 26986872 25965 0 14539
1788648199.725557 0 0 0 0 tbf 0 26986872 25965 0 14539
1788648199.748167 0 0 0 0 tbf 0 26986872 25965 0 14539
1788648199.771281 0 0 0 0 tbf 0 26986872 25965 0 14539
1788648199.794528 0 0 0 0 tbf 0 26986872 25965 0 14539
1788648199.817349 0 0 0 0 tbf 0 26986872 25965 0 14539
1788648199.840593 0 0 0 0 tbf 0 26986872 25965 0 14539
1788648199.864244 0 0 0 0 tbf 0 26986872 25965 0 14539
1788648199.887486 0 0 0 0 tbf 0 26986872 25965 0 14539
1788648199.910608 0 0 0 0 tbf 0 26986872 25965 0 14539
1788648199.933684 0 0 0 0 tbf 0 26986872 25965 0 14539
1788648199.957803 0 0 0 0 tbf 0 26986872 25965 0 14539
1788648199.979918 0 0 0 0 tbf 0 26986872 25965 0 14539
1788648200.003004 0 0 0 0 tbf 0 26986872 25965 0 14539
1788648200.026584 0 0 0 0 tbf 0 26986872 25965 0 14539
1788648200.050122 0 0 0 0 tbf 0 26986872 25965 0 14539
1788648200.072426 0 0 0 0 tbf 0 26986872 25965 0 14539
1788648200.096014 0 0 0 0 tbf 0 26986872 25965 0 14539
1788648200.119227 0 0 0 0 tbf 0 26986872 25965 0 14539
1788648200.142736 0 0 0 0 tbf 0 26986872 25965 0 14539
1788648200.165869 0 0 0 0 tbf 0 26986872 25965 0 14539
1788648200.189166 0 0 0 0 tbf 0 26986872 25965 0 14539
1788648200.211400 0 0 7 3878 tbf 0 26990750 25972 0 14539
1788648200.234666 0 0 11 6094 tbf 0 26997398 25984 0 14539
1788648200.257374 0 0 5 2770 tbf 0 26999614 25988 0 14539
1788648200.281082 0 0 0 0 tbf 0 26999614 25988 0 14539
1788648200.303931 0 0 0 0 tbf 0 26999614 25988 0 14539
1788648200.326602 0 0 13 7202 tbf 0 27006816 26001 0 14540
1788648200.349186 0 0 3 1662 tbf 0 27008478 26004 0 14540
1788648200.371991 0 0 4 2216 tbf 0 27011802 26010 0 14540
1788648200.394082 0 0 12 6648 tbf 0 27017342 26020 0 14540
1788648200.416792 0 0 13 7202 tbf 0 27024544 26033 0 14540
1788648200.439167 0 0 7 3878 tbf 0 27028422 26040 0 14540
1788648200.461757 0 0 1 554 tbf 0 27028976 26041 0 14540
1788648200.483740 0 0 0 0 tbf 0 27028976 26041 0 14540
1788648200.507724 0 0 0 0 tbf 0 27028976 26041 0 14540
1788648200.529989 0 0 0 0 tbf 0 27028976 26041 0 14540
1788648200.553611 0 0 0 0 tbf 0 27028976 26041 0 14540
1788648200.576784 0 0 0 0 tbf 0 27028976 26041 0 14540
1788648200.600320 0 0 0 0 tbf 0 27028976 26041 0 14540
1788648200.622635 0 0 0 0 tbf 0 27028976 26041 0 14540
1788648200.645541 0 0 0 0 tbf 0 27028976 26041 0 14540
1788648200.668727 0 0 0 0 tbf 0 27028976 26041 0 14540
1788648200.692000 0 0 0 0 tbf 0 27028976 26041 0 14540
1788648200.715230 0 0 0 0 tbf 0 27028976 26041 0 14540
1788648200.738090 0 0 0 0 tbf 0 27028976 26041 0 14540
1788648200.761253 0 0 0 0 tbf 0 27028976 26041 0 14540
1788648200.783529 0 0 6 3324 tbf 0 27032300 26047 0 14540
1788648200.806411 0 0 4 2216 tbf 0 27036178 26054 0 14540
1788648200.829519 0 0 4 2216 tbf 0 27036732 26055 0 14540
1788648200.853145 0 0 0 0 tbf 0 27036732 26055 0 14540
1788648200.876444 0 0 0 0 tbf 0 27036732 26055 0 14540
1788648200.898893 0 0 0 0 tbf 0 27036732 26055 0 14540
1788648200.921995 0 0 0 0 tbf 0 27036732 26055 0 14540
1788648200.944603 0 0 1 554 tbf 0 27038394 26058 0 14540
1788648200.967438 0 0 10 5540 tbf 0 27043934 26068 0 14540
1788648200.990351 0 0 17 9418 tbf 0 27052798 26084 0 14540
1788648201.012561 0 0 14 7756 tbf 0 27060000 26097 0 14540
1788648201.038049 0 0 4 2216 tbf 0 27062216 26101 0 14540
1788648201.060871 0 0 0 0 tbf 0 27062216 26101 0 14540
1788648201.084539 0 0 0 0 tbf 0 27062216 26101 0 14540
1788648201.107602 0 0 0 0 tbf 0 27062216 26101 0 14540
1788648201.131184 0 0 0 0 tbf 0 27062216 26101 0 14540
1788648201.154099 0 0 0 0 tbf 0 27062216 26101 0 14540
1788648201.176777 0 0 0 0 tbf 0 27062216 26101 0 14540
1788648201.199960 0 0 0 0 tbf 0 27062216 26101 0 14540
1788648201.223351 0 0 0 0 tbf 0 27062216 26101 0 14540
1788648201.245439 0 0 1 554 tbf 0 27063324 26103 0 14540
1788648201.268304 0 0 3 1662 tbf 0 27064432 26105 0 14540
1788648201.291270 0 0 0 0 tbf 0 27064432 26105 0 14540
1788648201.315001 0 0 0 0 tbf 0 27064986 26106 0 14540
1788648201.337618 0 0 11 6094 tbf 0 27071080 26117 0 14540
1788648201.360813 0 0 10 5540 tbf 0 27076066 26126 0 14540
1788648201.383036 0 0 9 4986 tbf 0 27081052 26135 0 14540
1788648201.405608 0 0 5 2770 tbf 0 27084376 26141 0 14540
1788648201.427957 0 0 7 3878 tbf 0 27087700 26147 0 14540
1788648201.450384 0 0 15 8310 tbf 0 27096564 26163 0 14540
1788648201.473268 0 0 9 4986 tbf 0 27100996 26171 0 14540
1788648201.495622 0 0 3 1662 tbf 0 27102658 26174 0 14540
1788648201.517719 0 0 11 6094 tbf 0 27108752 26185 0 14540
1788648201.540565 0 0 8 4432 tbf 0 27113184 26193 0 14540
1788648201.562582 0 0 13 7202 tbf 0 27121494 26208 0 14540
1788648201.587139 0 0 15 8310 tbf 0 27130358 26224 0 14540
1788648201.609141 0 0 14 7756 tbf 0 27136452 26235 0 14540
1788648201.631755 0 0 7 3878 tbf 0 27140330 26242 0 14540
1788648201.654365 0 0 0 0 tbf 0 27140330 26242 0 14540
1788648201.676954 0 0 8 4432 tbf 0 27145316 26251 0 14540
1788648201.700163 0 0 1 554 tbf 0 27145316 26251 0 14540
1788648201.723841 0 0 0 0 tbf 0 27145316 26251 0 14540
1788648201.747087 0 0 0 0 tbf 0 27145316 26251 0 14540
1788648201.770345 0 0 5 2286 tbf 0 27147602 26256 0 14540
1788648201.792521 0 0 0 0 tbf 0 27147602 26256 0 14540
1788648201.815067 0 0 0 0 tbf 0 27147602 26256 0 14540
1788648201.837295 0 0 0 0 tbf 0 27147602 26256 0 14540
1788648201.860917 0 0 0 0 tbf 0 27147602 26256 0 14540
1788648201.883722 0 0 0 0 tbf 0 27147602 26256 0 14540
1788648201.906609 0 0 0 0 tbf 0 27147602 26256 0 14540
1788648201.929633 0 0 0 0 tbf 0 27147602 26256 0 14540
1788648201.953225 0 0 0 0 tbf 0 27147602 26256 0 14540
1788648201.975418 0 0 0 0 tbf 0 27147602 26256 0 14540
1788648201.998643 0 0 0 0 tbf 0 27147602 26256 0 14540
1788648202.021156 0 0 0 0 tbf 0 27147602 26256 0 14540
1788648202.044833 0 0 0 0 tbf 0 27147602 26256 0 14540
1788648202.068173 0 0 0 0 tbf 0 27147602 26256 0 14540
1788648202.090767 0 0 0 0 tbf 0 27147602 26256 0 14540
1788648202.113910 0 0 0 0 tbf 0 27147602 26256 0 14540
1788648202.138423 0 0 0 0 tbf 0 27147602 26256 0 14540
1788648202.161612 0 0 0 0 tbf 0 27147602 26256 0 14540
1788648202.185357 0 0 0 0 tbf 0 27147602 26256 0 14540
1788648202.208583 0 0 0 0 tbf 0 27147602 26256 0 14540
1788648202.231841 0 0 0 0 tbf 0 27147602 26256 0 14540
1788648202.255085 0 0 0 0 tbf 0 27147602 26256 0 14540
1788648202.278751 0 0 0 0 tbf 0 27147602 26256 0 14540
1788648202.301526 0 0 0 0 tbf 0 27147602 26256 0 14540
1788648202.324968 0 0 0 0 tbf 0 27147602 26256 0 14540
1788648202.348209 0 0 0 0 tbf 0 27147602 26256 0 14540
1788648202.371142 0 0 0 0 tbf 0 27147602 26256 0 14540
1788648202.393888 0 0 0 0 tbf 0 27147602 26256 0 14540
1788648202.417455 0 0 0 0 tbf 0 27147602 26256 0 14540
1788648202.440460 0 0 0 0 tbf 0 27147602 26256 0 14540
1788648202.463764 0 0 0 0 tbf 0 27147602 26256 0 14540
1788648202.487020 0 0 0 0 tbf 0 27147602 26256 0 14540
1788648202.510671 0 0 0 0 tbf 0 27147602 26256 0 14540
1788648202.532868 0 0 7 3878 tbf 0 27152588 26265 0 14540
1788648202.556296 0 0 6 3324 tbf 0 27155358 26270 0 14540
1788648202.578557 0 0 6 3324 tbf 0 27158682 26276 0 14540
1788648202.600963 0 0 12 6648 tbf 0 27164776 26287 0 14540
1788648202.623073 0 0 14 7756 tbf 0 27172532 26301 0 14541
1788648202.645859 0 0 13 7202 tbf 0 27179734 26314 0 14541
1788648202.667868 0 0 10 5540 tbf 0 27185828 26325 0 14541
1788648202.691297 0 0 4 2216 tbf 0 27187490 26328 0 14541
1788648202.714187 0 0 2 1108 tbf 0 27188598 26330 0 14541
1788648202.736914 0 0 0 0 tbf 0 27188598 26330 0 14541
1788648202.758951 0 0 10 5540 tbf 0 27194692 26341 0 14541
1788648202.781532 0 0 15 8310 tbf 0 27202448 26355 0 14541
1788648202.803655 0 0 2 1108 tbf 0 27203556 26357 0 14541
1788648202.826418 0 0 0 0 tbf 0 27203556 26357 0 14541
1788648202.849302 0 0 0 0 tbf 0 27203556 26357 0 14541
1788648202.871398 0 0 0 0 tbf 0 27203556 26357 0 14541
1788648202.893903 0 0 11 6094 tbf 0 27209650 26368 0 14541
1788648202.916337 0 0 5 2770 tbf 0 27212420 26373 0 14541
1788648202.938942 0 0 13 7202 tbf 0 27219622 26386 0 14541
1788648202.961951 0 0 0 0 tbf 0 27219622 26386 0 14541
1788648202.984683 0 0 7 3878 tbf 0 27224054 26394 0 14541
1788648203.006804 0 0 7 3878 tbf 0 27228486 26402 0 14541
1788648203.029231 0 0 11 6094 tbf 0 27233472 26411 0 14541
1788648203.051710 0 0 9 4986 tbf 0 27238458 26420 0 14541
1788648203.075284 0 0 4 2216 tbf 0 27240674 26424 0 14541
1788648203.097867 0 0 1 554 tbf 0 27241228 26425 0 14541
1788648203.120521 0 0 8 4432 tbf 0 27247322 26436 0 14541
1788648203.142943 0 0 14 7756 tbf 0 27253416 26447 0 14542
1788648203.165653 0 0 4 2216 tbf 0 27256740 26453 0 14542
1788648203.187568 0 0 11 6094 tbf 0 27262280 26463 0 14542
1788648203.213367 0 0 5 2770 tbf 0 27264496 26467 0 14542
1788648203.236981 0 0 0 0 tbf 0 27264496 26467 0 14542
1788648203.259289 0 0 6 3324 tbf 0 27267820 26473 0 14542
1788648203.282273 0 0 0 0 tbf 0 27267820 26473 0 14542
1788648203.304861 0 0 3 1662 tbf 0 27269482 26476 0 14542
1788648203.327007 0 0 17 9418 tbf 0 27278900 26493 0 14542
1788648203.350003 0 0 5 2770 tbf 0 27281670 26498 0 14542
1788648203.372995 0 0 0 0 tbf 0 27281670 26498 0 14542
1788648203.395625 0 0 0 0 tbf 0 27281670 26498 0 14542
1788648203.418311 0 0 0 0 tbf 0 27281670 26498 0 14542
1788648203.441842 0 0 0 0 tbf 0 27281670 26498 0 14542
1788648203.463875 0 0 4 2216 tbf 0 27284440 26503 0 14542
1788648203.487443 0 0 6 3324 tbf 0 27287210 26508 0 14542
1788648203.510114 0 0 0 0 tbf 0 27287210 26508 0 14542
1788648203.533200 0 0 3 1662 tbf 0 27288872 26511 0 14542
1788648203.555226 0 0 12 6648 tbf 0 27295520 26523 0 14542
1788648203.577694 0 0 10 5540 tbf 0 27301060 26533 0 14542
1788648203.600137 0 0 8 4432 tbf 0 27305492 26541 0 14542
1788648203.622947 0 0 4 2216 tbf 0 27308262 26546 0 14542
1788648203.644889 0 0 16 8864 tbf 0 27316572 26561 0 14542
1788648203.667402 0 0 12 6648 tbf 0 27324328 26575 0 14543
1788648203.689697 0 0 15 8310 tbf 0 27332084 26589 0 14543
1788648203.713297 0 0 3 1662 tbf 0 27333192 26591 0 14543
1788648203.736269 0 0 4 2216 tbf 0 27335408 26595 0 14543
1788648203.761380 0 0 0 0 tbf 0 27335408 26595 0 14543
1788648203.784723 0 0 0 0 tbf 0 27335408 26595 0 14543
1788648203.808159 0 0 0 0 tbf 0 27335408 26595 0 14543
1788648203.830153 0 0 0 0 tbf 0 27335408 26595 0 14543
1788648203.852889 0 0 0 0 tbf 0 27335962 26596 0 14543
1788648203.875144 0 0 13 7202 tbf 0 27343164 26609 0 14543
1788648203.897884 0 0 2 1108 tbf 0 27343718 26610 0 14543
1788648203.921046 0 0 0 0 tbf 0 27343718 26610 0 14543
1788648203.943524 0 0 0 0 tbf 0 27343718 26610 0 14543
1788648203.965580 0 0 0 0 tbf 0 27343718 26610 0 14543
1788648203.989310 0 0 0 0 tbf 0 27343718 26610 0 14543
1788648204.012550 0 0 0 0 tbf 0 27343718 26610 0 14543
1788648204.036976 0 0 0 0 tbf 0 27343718 26610 0 14543
1788648204.059079 0 0 0 0 tbf 0 27343718 26610 0 14543
1788648204.082634 0 0 0 0 tbf 0 27343718 26610 0 14543
1788648204.105628 0 0 0 0 tbf 0 27343718 26610 0 14543
1788648204.128242 0 0 10 5540 tbf 0 27349812 26621 0 14543
1788648204.150647 0 0 2 1108 tbf 0 27350920 26623 0 14543
1788648204.173383 0 0 10 5540 tbf 0 27355906 26632 0 14543
1788648204.195820 0 0 6 3324 tbf 0 27360338 26640 0 14543
1788648204.218355 0 0 8 4432 tbf 0 27364770 26648 0 14543
1788648204.240557 0 0 8 4432 tbf 0 27369202 26656 0 14543
1788648204.263013 0 0 13 7202 tbf 0 27375850 26668 0 14543
1788648204.286170 0 0 1 554 tbf 0 27375850 26668 0 14543
1788648204.309970 0 0 2 1108 tbf 0 27376958 26670 0 14543
1788648204.332110 0 0 8 4432 tbf 0 27381390 26678 0 14543
1788648204.366724 0 0 12 6648 tbf 0 27388038 26690 0 14543
1788648204.390105 0 0 0 0 tbf 0 27388038 26690 0 14543
1788648204.412169 0 0 10 5540 tbf 0 27394686 26702 0 14543
1788648204.434552 0 0 10 5540 tbf 0 27399118 26710 0 14543
1788648204.456667 0 0 11 6094 tbf 0 27405766 26722 0 14543
1788648204.478947 0 0 7 3878 tbf 0 27409644 26729 0 14543
1788648204.500846 0 0 14 7756 tbf 0 27417400 26743 0 14543
1788648204.523315 0 0 9 4986 tbf 0 27421832 26751 0 14543
1788648204.545407 0 0 11 6094 tbf 0 27428480 26763 0 14543
1788648204.568365 0 0 7 3878 tbf 0 27431804 26769 0 14543
1788648204.590460 0 0 4 2216 tbf 0 27434574 26774 0 14543
1788648204.613040 0 0 15 8310 tbf 0 27443438 26790 0 14543
1788648204.634963 0 0 8 4432 tbf 0 27446762 26796 0 14543
1788648204.657550 0 0 13 7202 tbf 0 27454518 26810 0 14543
1788648204.679488 0 0 11 6094 tbf 0 27460058 26820 0 14543
1788648204.702935 0 0 6 3324 tbf 0 27463382 26826 0 14543
1788648204.725135 0 0 2 1108 tbf 0 27464490 26828 0 14543
1788648204.747701 0 0 13 7202 tbf 0 27472246 26842 0 14543
1788648204.770113 0 0 10 5540 tbf 0 27477232 26851 0 14543
1788648204.793421 0 0 0 0 tbf 0 27477232 26851 0 14543
1788648204.816018 0 0 2 1108 tbf 0 27478340 26853 0 14543
1788648204.838097 0 0 13 7202 tbf 0 27485542 26866 0 14543
1788648204.861643 0 0 7 3878 tbf 0 27489420 26873 0 14543
1788648204.883660 0 0 6 3324 tbf 0 27492744 26879 0 14543
1788648204.906498 0 0 9 4986 tbf 0 27497730 26888 0 14543
1788648204.928578 0 0 7 3878 tbf 0 27501608 26895 0 14543
1788648204.951257 0 0 8 4432 tbf 0 27506594 26904 0 14543
1788648204.973236 0 0 11 6094 tbf 0 27512134 26914 0 14543
1788648204.995725 0 0 11 6094 tbf 0 27518228 26925 0 14543
1788648205.017833 0 0 7 3878 tbf 0 27522106 26932 0 14543
1788648205.040233 0 0 1 554 tbf 0 27524322 26936 0 14543
1788648205.062108 0 0 18 9972 tbf 0 27532632 26951 0 14543
1788648205.084645 0 0 1 554 tbf 0 27533740 26953 0 14543
1788648205.106606 0 0 13 7202 tbf 0 27540388 26965 0 14543
1788648205.128935 0 0 8 4432 tbf 0 27544820 26973 0 14543
1788648205.151088 0 0 0 0 tbf 0 27544820 26973 0 14543
1788648205.174359 0 0 0 0 tbf 0 27544820 26973 0 14543
1788648205.196316 0 0 4 2216 tbf 0 27547036 26977 0 14543
1788648205.218884 0 0 12 6648 tbf 0 27554238 26990 0 14543
1788648205.240949 0 0 10 5540 tbf 0 27559778 27000 0 14543
1788648205.263547 0 0 8 4432 tbf 0 27563656 27007 0 14543
1788648205.286339 0 0 4 2216 tbf 0 27565872 27011 0 14543
1788648205.309547 0 0 0 0 tbf 0 27565872 27011 0 14543
1788648205.332353 0 0 0 0 tbf 0 27565872 27011 0 14543
1788648205.355479 0 0 0 0 tbf 0 27565872 27011 0 14543
1788648205.378778 0 0 0 0 tbf 0 27565872 27011 0 14543
1788648205.403013 0 0 0 0 tbf 0 27565872 27011 0 14543
1788648205.426106 0 0 0 0 tbf 0 27565872 27011 0 14543
1788648205.449286 0 0 0 0 tbf 0 27565872 27011 0 14543
1788648205.471693 0 0 10 5540 tbf 0 27571412 27021 0 14543
1788648205.494830 0 0 8 4432 tbf 0 27575844 27029 0 14543
1788648205.517263 0 0 8 4432 tbf 0 27580276 27037 0 14543
1788648205.540544 0 0 0 0 tbf 0 27580276 27037 0 14543
1788648205.562550 0 0 0 0 tbf 0 27580276 27037 0 14543
1788648205.585160 0 0 0 0 tbf 0 27580276 27037 0 14543
1788648205.608331 0 0 0 0 tbf 0 27580276 27037 0 14543
1788648205.631771 0 0 0 0 tbf 0 27580276 27037 0 14543
1788648205.654953 0 0 0 0 tbf 0 27580276 27037 0 14543
1788648205.678542 0 0 0 0 tbf 0 27580276 27037 0 14543
1788648205.701666 0 0 0 0 tbf 0 27580276 27037 0 14543
1788648205.724431 0 0 4 2216 tbf 0 27582492 27041 0 14543
1788648205.746548 0 0 13 7202 tbf 0 27589694 27054 0 14543
1788648205.770110 0 0 0 0 tbf 0 27589694 27054 0 14543
1788648205.792482 0 0 0 0 tbf 0 27589694 27054 0 14543
1788648205.816385 0 0 0 0 tbf 0 27589694 27054 0 14543
1788648205.838382 0 0 0 0 tbf 0 27589694 27054 0 14543
1788648205.863019 0 0 0 0 tbf 0 27592892 27057 0 14543
1788648205.885326 0 0 106 112996 tbf 2132 27712284 27169 0 14597
1788648205.907211 0 0 127 135382 tbf 0 27845534 27294 0 14689
1788648205.930464 0 0 154 164164 tbf 0 28022490 27460 0 14932
1788648205.952797 0 0 224 238784 tbf 54366 28257010 27680 0 15494
1788648205.975594 0 0 243 259038 tbf 220662 28514982 27922 0 16285
1788648205.997875 0 0 240 255840 tbf 363506 28763360 28155 0 17027
1788648206.020221 0 0 236 251576 tbf 548990 29026662 28402 0 17832
1788648206.043780 0 0 258 275028 tbf 719550 29298492 28657 0 18681
1788648206.066244 0 0 253 269698 tbf 717418 29572454 28914 0 19559
1788648206.088285 0 0 244 260104 tbf 718484 29828294 29154 0 20340
1788648206.110774 0 0 252 268632 tbf 719550 30097992 29407 0 21116
1788648206.132730 0 0 259 276094 tbf 709956 30370888 29663 0 21849
1788648206.155029 0 0 252 268632 tbf 601224 30644850 29920 0 22499
1788648206.176933 0 0 259 276094 tbf 459446 30915614 30174 0 23123
1788648206.199723 0 0 254 270764 tbf 302744 31192774 30434 0 23748
1788648206.221585 0 0 263 280358 tbf 149240 31465670 30690 0 24366
1788648206.243931 0 0 251 267566 tbf 0 31737500 30945 0 24961
1788648206.265836 0 0 117 124722 tbf 0 31852628 31053 0 25019
1788648206.288106 0 0 106 112996 tbf 0 31963492 31157 0 25037
1788648206.310099 0 0 26 27716 tbf 0 31985878 31178 0 25043
1788648206.332624 0 0 0 0 tbf 0 31985878 31178 0 25043
1788648206.354618 0 0 0 0 tbf 0 31985878 31178 0 25043
1788648206.377152 0 0 0 0 tbf 0 31985878 31178 0 25043
1788648206.400157 0 0 0 0 tbf 0 31985878 31178 0 25043
1788648206.423692 0 0 0 0 tbf 0 31985878 31178 0 25043
1788648206.446364 0 0 0 0 tbf 0 31985878 31178 0 25043
1788648206.472841 0 0 0 0 tbf 0 31985878 31178 0 25043
1788648206.495213 0 0 0 0 tbf 0 31985878 31178 0 25043
1788648206.518180 0 0 0 0 tbf 0 31985878 31178 0 25043
1788648206.541350 0 0 0 0 tbf 0 31985878 31178 0 25043
1788648206.564755 0 0 0 0 tbf 0 31985878 31178 0 25043
1788648206.587165 0 0 0 0 tbf 0 31985878 31178 0 25043
1788648206.610128 0 0 0 0 tbf 0 31985878 31178 0 25043
1788648206.633193 0 0 0 0 tbf 0 31985878 31178 0 25043
1788648206.656731 0 0 0 0 tbf 0 31985878 31178 0 25043
1788648206.680050 0 0 0 0 tbf 0 31985878 31178 0 25043
1788648206.703421 0 0 0 0 tbf 0 31985878 31178 0 25043
1788648206.726877 0 0 0 0 tbf 0 31985878 31178 0 25043
1788648206.750758 0 0 0 0 tbf 0 31985878 31178 0 25043
1788648206.773702 0 0 0 0 tbf 0 31985878 31178 0 25043
1788648206.797605 0 0 0 0 tbf 0 31985878 31178 0 25043
1788648206.820817 0 0 0 0 tbf 0 31985878 31178 0 25043
1788648206.844599 0 0 0 0 tbf 0 31985878 31178 0 25043
1788648206.866600 0 0 0 0 tbf 0 31985878 31178 0 25043
1788648206.890144 0 0 0 0 tbf 0 31986944 31179 0 25043
1788648206.912413 0 0 7 5926 tbf 0 31991804 31185 0 25045
1788648206.934893 0 0 18 12020 tbf 0 32003824 31203 0 25046
1788648206.957046 0 0 17 11466 tbf 0 32016356 31221 0 25046
1788648206.979610 0 0 9 6010 tbf 0 32022408 31231 0 25046
1788648207.001898 0 0 21 12146 tbf 0 32033446 31250 0 25046
1788648207.025116 0 0 16 9376 tbf 0 32042822 31266 0 25046
1788648207.048316 0 0 4 2216 tbf 0 32045038 31270 0 25046
1788648207.070789 0 0 5 2770 tbf 0 32047808 31275 0 25046
1788648207.092767 0 0 9 4986 tbf 0 32052794 31284 0 25046
1788648207.115286 0 0 8 4944 tbf 0 32057738 31292 0 25046
1788648207.137224 0 0 5 3794 tbf 0 32063152 31299 0 25046
1788648207.159642 0 0 12 7672 tbf 0 32069758 31310 0 25046
1788648207.182117 0 0 2 1620 tbf 0 32071378 31312 0 25046
1788648207.204280 0 0 16 10400 tbf 0 32082886 31330 0 25046
1788648207.226601 0 0 17 9930 tbf 0 32091154 31344 0 25046
1788648207.249547 0 0 5 3282 tbf 0 32094436 31349 0 25046
1788648207.272229 0 0 3 1662 tbf 0 32096098 31352 0 25046
1788648207.294244 0 0 9 4986 tbf 0 32101084 31361 0 25046
1788648207.316798 0 0 12 6648 tbf 0 32108286 31374 0 25046
1788648207.339027 0 0 17 9930 tbf 0 32119282 31392 0 25046
1788648207.361418 0 0 12 8184 tbf 0 32126912 31403 0 25046
1788648207.383438 0 0 5 4818 tbf 0 32130664 31407 0 25046
1788648207.405893 0 0 21 14194 tbf 0 32145412 31429 0 25046
1788648207.428126 0 0 13 7202 tbf 0 32152060 31441 0 25046
1788648207.450367 0 0 7 4390 tbf 0 32158624 31451 0 25046
1788648207.472740 0 0 10 7076 tbf 0 32163526 31458 0 25046
1788648207.495012 0 0 11 6606 tbf 0 32170132 31469 0 25046
1788648207.517118 0 0 20 14152 tbf 0 32184284 31489 0 25049
1788648207.541639 0 0 8 6480 tbf 0 32191318 31498 0 25049
1788648207.563808 0 0 18 12532 tbf 0 32204362 31516 0 25049
1788648207.586369 0 0 2 2132 tbf 0 32205428 31517 0 25049
1788648207.608761 0 0 0 0 tbf 0 32205428 31517 0 25049
1788648207.632353 0 0 0 0 tbf 0 32205428 31517 0 25049
1788648207.655211 0 0 0 0 tbf 0 32205428 31517 0 25049
1788648207.677436 0 0 8 4432 tbf 0 32210414 31526 0 25049
1788648207.699625 0 0 11 6094 tbf 0 32215954 31536 0 25049
1788648207.722045 0 0 19 10526 tbf 0 32227034 31556 0 25049
1788648207.744336 0 0 16 8864 tbf 0 32235344 31571 0 25049
1788648207.766981 0 0 5 2770 tbf 0 32238668 31577 0 25049
1788648207.789078 0 0 12 6648 tbf 0 32245316 31589 0 25049
1788648207.811654 0 0 14 7756 tbf 0 32253072 31603 0 25049
1788648207.833809 0 0 6 3324 tbf 0 32256396 31609 0 25049
1788648207.856633 0 0 6 3324 tbf 0 32259720 31615 0 25049
1788648207.878638 0 0 8 4432 tbf 0 32263598 31622 0 25049
1788648207.901036 0 0 7 3878 tbf 0 32268030 31630 0 25049
1788648207.923208 0 0 5 2770 tbf 0 32270246 31634 0 25049
1788648207.945960 0 0 7 3878 tbf 0 32274124 31641 0 25049
1788648207.968014 0 0 11 6094 tbf 0 32280218 31652 0 25049
1788648207.991534 0 0 0 0 tbf 0 32280218 31652 0 25049
1788648208.014883 0 0 6 3324 tbf 0 32283542 31658 0 25049
1788648208.037485 0 0 0 0 tbf 0 32284650 31660 0 25049
1788648208.060557 0 0 4 2216 tbf 0 32285758 31662 0 25049
1788648208.085344 0 0 1 554 tbf 0 32286866 31664 0 25049
1788648208.107555 0 0 6 3324 tbf 0 32289636 31669 0 25049
1788648208.130092 0 0 2 1620 tbf 0 32291810 31672 0 25049
1788648208.152539 0 0 5 4306 tbf 0 32295562 31676 0 25049
1788648208.174960 0 0 0 0 tbf 0 32296628 31677 0 25049
1788648208.197002 0 0 4 4264 tbf 0 32299826 31680 0 25049
1788648208.220157 0 0 0 0 tbf 0 32299826 31680 0 25049
1788648208.242136 0 0 10 6564 tbf 0 32306390 31690 0 25051
1788648208.264869 0 0 5 2770 tbf 0 32310780 31697 0 25051
1788648208.287869 0 0 10 7588 tbf 0 32316748 31705 0 25051
1788648208.310463 0 0 3 3198 tbf 0 32321012 31709 0 25051
1788648208.332770 0 0 3 3198 tbf 0 32323144 31711 0 25051
1788648208.355413 0 0 4 4264 tbf 0 32327408 31715 0 25051
1788648208.377575 0 0 8 5968 tbf 0 32334996 31725 0 25051
1788648208.400370 0 0 14 10316 tbf 0 32343692 31737 0 25051
1788648208.422522 0 0 6 4348 tbf 0 32348040 31743 0 25051
1788648208.445038 0 0 18 12020 tbf 0 32360614 31762 0 25052
1788648208.467013 0 0 9 7546 tbf 0 32367606 31770 0 25052
1788648208.490659 0 0 3 1662 tbf 0 32369268 31773 0 25052
1788648208.513808 0 0 0 0 tbf 0 32369268 31773 0 25052
1788648208.537285 0 0 0 0 tbf 0 32369268 31773 0 25052
1788648208.559943 0 0 0 0 tbf 0 32369268 31773 0 25052
1788648208.583533 0 0 0 0 tbf 0 32369268 31773 0 25052
1788648208.605942 0 0 0 0 tbf 0 32369268 31773 0 25052
1788648208.629943 0 0 0 0 tbf 0 32369822 31774 0 25052
1788648208.652032 0 0 4 2216 tbf 0 32371484 31777 0 25052
1788648208.674440 0 0 5 2770 tbf 0 32374254 31782 0 25052
1788648208.697580 0 0 3 1662 tbf 0 32375916 31785 0 25052
1788648208.720135 0 0 8 4944 tbf 0 32381414 31794 0 25052
1788648208.742283 0 0 10 5540 tbf 0 32386954 31804 0 25052
1788648208.765837 0 0 5 3794 tbf 0 32390194 31808 0 25052
1788648208.788950 0 0 1 1066 tbf 0 32391260 31809 0 25052
1788648208.811392 0 0 1 1066 tbf 0 32392326 31810 0 25052
1788648208.833985 0 0 3 3198 tbf 0 32395524 31813 0 25052
1788648208.857469 0 0 0 0 tbf 0 32395524 31813 0 25052
1788648208.880563 0 0 1 1066 tbf 0 32396590 31814 0 25052
1788648208.903419 0 0 0 0 tbf 0 32396590 31814 0 25052
1788648208.925723 0 0 3 3198 tbf 0 32400854 31818 0 25052
1788648208.948357 0 0 3 3198 tbf 0 32402986 31820 0 25052
1788648208.971271 0 0 2 2132 tbf 0 32405118 31822 0 25052
1788648208.994904 0 0 0 0 tbf 0 32405118 31822 0 25052
1788648209.017090 0 0 1 1066 tbf 0 32407250 31824 0 25052
1788648209.039736 0 0 3 3198 tbf 0 32409382 31826 0 25052
1788648209.062996 0 0 0 0 tbf 0 32409382 31826 0 25052
1788648209.085953 0 0 3 3198 tbf 0 32412580 31829 0 25052
1788648209.108757 0 0 1 1066 tbf 0 32413646 31830 0 25052
1788648209.132396 0 0 2 2132 tbf 0 32415778 31832 0 25052
1788648209.154482 0 0 2 2132 tbf 0 32417910 31834 0 25052
1788648209.177780 0 0 3 3198 tbf 0 32421108 31837 0 25052
1788648209.200326 0 0 2 2132 tbf 0 32423240 31839 0 25052
1788648209.223773 0 0 0 0 tbf 0 32423240 31839 0 25052
1788648209.246042 0 0 4 4264 tbf 0 32427504 31843 0 25052
1788648209.269619 0 0 2 2132 tbf 0 32429636 31845 0 25052
1788648209.291531 0 0 1 1066 tbf 0 32430702 31846 0 25052
1788648209.315245 0 0 1 1066 tbf 0 32431768 31847 0 25052
1788648209.338181 0 0 0 0 tbf 0 32431768 31847 0 25052
1788648209.361270 0 0 0 0 tbf 0 32431768 31847 0 25052
1788648209.383375 0 0 5 5330 tbf 0 32437098 31852 0 25052
1788648209.405942 0 0 3 3198 tbf 0 32440296 31855 0 25052
1788648209.428086 0 0 3 3198 tbf 0 32443494 31858 0 25053
1788648209.450937 0 0 0 0 tbf 0 32443494 31858 0 25053
1788648209.473454 0 0 2 2132 tbf 0 32445626 31860 0 25053
1788648209.496422 0 0 2 2132 tbf 0 32447758 31862 0 25053
1788648209.518728 0 0 4 4264 tbf 0 32452022 31866 0 25053
1788648209.541329 0 0 0 0 tbf 0 32452022 31866 0 25053
1788648209.564017 0 0 4 4264 tbf 0 32457352 31871 0 25053
1788648209.586191 0 0 5 5330 tbf 0 32461616 31875 0 25053
1788648209.608970 0 0 0 0 tbf 0 32461616 31875 0 25053
1788648209.631215 0 0 0 0 tbf 0 32461616 31875 0 25053
1788648209.654534 0 0 1 1066 tbf 0 32462682 31876 0 25053
1788648209.677559 0 0 0 0 tbf 0 32462682 31876 0 25053
1788648209.702604 0 0 0 0 tbf 0 32462682 31876 0 25053
1788648209.725226 0 0 1 1066 tbf 0 32464814 31878 0 25053
1788648209.748686 0 0 1 1066 tbf 0 32464814 31878 0 25053
1788648209.771719 0 0 0 0 tbf 0 32464814 31878 0 25053
1788648209.794204 0 0 1 1066 tbf 0 32465880 31879 0 25053
1788648209.816875 0 0 5 5330 tbf 0 32471210 31884 0 25053
1788648209.839816 0 0 0 0 tbf 0 32471210 31884 0 25053
1788648209.861729 0 0 0 0 tbf 0 32471210 31884 0 25053
1788648209.884844 0 0 2 2132 tbf 0 32473342 31886 0 25053
1788648209.906979 0 0 4 4264 tbf 0 32477606 31890 0 25053
1788648209.930412 0 0 1 1066 tbf 0 32478672 31891 0 25053
1788648209.953614 0 0 0 0 tbf 0 32478672 31891 0 25053
1788648209.976235 0 0 0 0 tbf 0 32478672 31891 0 25053
1788648209.999227 0 0 0 0 tbf 0 32478672 31891 0 25053
1788648210.023043 0 0 0 0 tbf 0 32478672 31891 0 25053
1788648210.046282 0 0 0 0 tbf 0 32478672 31891 0 25053
1788648210.069070 0 0 0 0 tbf 0 32478672 31891 0 25053
1788648210.091088 0 0 0 0 tbf 0 32478672 31891 0 25053
1788648210.114707 0 0 0 0 tbf 0 32478672 31891 0 25053
1788648210.137029 0 0 0 0 tbf 0 32478672 31891 0 25053
1788648210.160936 0 0 0 0 tbf 0 32478672 31891 0 25053
1788648210.184184 0 0 0 0 tbf 0 32478672 31891 0 25053
1788648210.207340 0 0 0 0 tbf 0 32478672 31891 0 25053
1788648210.229312 0 0 2 2132 tbf 0 32480804 31893 0 25053
1788648210.254070 0 0 2 2132 tbf 0 32484002 31896 0 25053
1788648210.276597 0 0 3 3198 tbf 0 32486134 31898 0 25053
1788648210.299454 0 0 0 0 tbf 0 32486134 31898 0 25053
1788648210.322152 0 0 0 0 tbf 0 32486134 31898 0 25053
1788648210.345731 0 0 0 0 tbf 0 32486134 31898 0 25053
1788648210.367903 0 0 0 0 tbf 0 32486134 31898 0 25053
1788648210.390608 0 0 0 0 tbf 0 32486134 31898 0 25053
1788648210.413085 0 0 0 0 tbf 0 32486134 31898 0 25053
1788648210.435821 0 0 4 4264 tbf 0 32490398 31902 0 25053
1788648210.458285 0 0 1 1066 tbf 0 32491464 31903 0 25053
1788648210.481393 0 0 0 0 tbf 0 32491464 31903 0 25053
1788648210.504047 0 0 1 1066 tbf 0 32492530 31904 0 25053
1788648210.527721 0 0 1 1066 tbf 0 32493596 31905 0 25053
1788648210.549870 0 0 1 1066 tbf 0 32494662 31906 0 25053
1788648210.572719 0 0 2 2132 tbf 0 32496794 31908 0 25053
1788648210.594637 0 0 3 3198 tbf 0 32499992 31911 0 25053
1788648210.617866 0 0 2 2132 tbf 0 32502124 31913 0 25053
1788648210.640331 0 0 0 0 tbf 0 32502124 31913 0 25053
1788648210.663959 0 0 0 0 tbf 0 32502124 31913 0 25053
1788648210.686311 0 0 0 0 tbf 0 32502124 31913 0 25053
1788648210.709133 0 0 0 0 tbf 0 32502124 31913 0 25053
1788648210.731327 0 0 0 0 tbf 0 32502124 31913 0 25053
1788648210.755330 0 0 2 2132 tbf 0 32504256 31915 0 25053
1788648210.777642 0 0 3 3198 tbf 0 32507454 31918 0 25053
1788648210.801309 0 0 1 1066 tbf 0 32509586 31920 0 25053
1788648210.823601 0 0 3 3198 tbf 0 32511718 31922 0 25053
1788648210.847247 0 0 3 3198 tbf 0 32514916 31925 0 25053
1788648210.870363 0 0 0 0 tbf 0 32514916 31925 0 25053
1788648210.894059 0 0 3 3198 tbf 0 32518114 31928 0 25053
1788648210.916445 0 0 2 2132 tbf 0 32520246 31930 0 25053
1788648210.938830 0 0 3 3198 tbf 0 32524510 31934 0 25053
1788648210.961140 0 0 1 1066 tbf 0 32524510 31934 0 25053
1788648210.983705 0 0 2 2132 tbf 0 32526642 31936 0 25053
1788648211.005741 0 0 3 3198 tbf 0 32529840 31939 0 25053
1788648211.029088 0 0 3 3198 tbf 0 32533038 31942 0 25053
1788648211.051174 0 0 2 2132 tbf 0 32535170 31944 0 25054
1788648211.074754 0 0 2 2132 tbf 0 32537302 31946 0 25054
1788648211.096781 0 0 20 21320 tbf 0 32562886 31970 0 25062
1788648211.119387 0 0 96 102336 tbf 1066 32669486 32070 0 25115
1788648211.141765 0 0 236 251576 tbf 12792 32928524 32313 0 25743
1788648211.164449 0 0 266 283556 tbf 105534 33209948 32577 0 26543
1788648211.186393 0 0 243 259038 tbf 221728 33468986 32820 0 27306
1788648211.209316 0 0 245 261170 tbf 335790 33724826 33060 0 28052
1788648211.231294 0 0 221 235586 tbf 422136 33964676 33285 0 28743
1788648211.253914 0 0 252 268632 tbf 521274 34235440 33539 0 29522
1788648211.276206 0 0 251 267566 tbf 634270 34507270 33794 0 30303
1788648211.299126 0 0 254 270764 tbf 648128 34766308 34037 0 30992
1788648211.322881 0 0 239 254774 tbf 695032 35045600 34299 0 31728
1788648211.345110 0 0 274 292084 tbf 701428 35319562 34556 0 32448
1788648211.367588 0 0 246 262236 tbf 655590 35588194 34808 0 33127
1788648211.396981 0 0 279 297414 tbf 353912 35974086 35170 0 33920
1788648211.424927 0 0 410 437060 tbf 0 36327998 35502 0 34581
1788648211.447170 0 0 24 25584 tbf 0 36327998 35502 0 34581
1788648211.470615 0 0 0 0 tbf 0 36327998 35502 0 34581
1788648211.492609 0 0 3 3198 tbf 0 36332262 35506 0 34581
1788648211.515116 0 0 2 2132 tbf 0 36333328 35507 0 34581
1788648211.537657 0 0 0 0 tbf 0 36333328 35507 0 34581
1788648211.561191 0 0 0 0 tbf 0 36333328 35507 0 34581
1788648211.584304 0 0 0 0 tbf 0 36333328 35507 0 34581
1788648211.606829 0 0 0 0 tbf 0 36333328 35507 0 34581
1788648211.629152 0 0 3 3198 tbf 0 36336526 35510 0 34582
1788648211.651491 0 0 2 2132 tbf 0 36338658 35512 0 34582
1788648211.674054 0 0 0 0 tbf 0 36338658 35512 0 34582
1788648211.697505 0 0 0 0 tbf 0 36338658 35512 0 34582
1788648211.719750 0 0 1 1066 tbf 0 36339724 35513 0 34582
1788648211.742130 0 0 1 1066 tbf 0 36340790 35514 0 34582
1788648211.764296 0 0 3 3198 tbf 0 36343988 35517 0 34582
1788648211.786710 0 0 2 2132 tbf 0 36346120 35519 0 34582
1788648211.809229 0 0 4 4264 tbf 0 36350384 35523 0 34582
1788648211.831927 0 0 2 2132 tbf 0 36352516 35525 0 34582
1788648211.854458 0 0 2 2132 tbf 0 36354648 35527 0 34582
1788648211.879096 0 0 2 2132 tbf 0 36356780 35529 0 34582
1788648211.901189 0 0 5 5330 tbf 0 36362110 35534 0 34582
1788648211.923741 0 0 5 5330 tbf 0 36367440 35539 0 34582
1788648211.945905 0 0 3 3198 tbf 0 36370638 35542 0 34582
1788648211.968536 0 0 3 3198 tbf 0 36373836 35545 0 34582
1788648211.990392 0 0 5 4334 tbf 0 36378170 35550 0 34582
1788648212.013214 0 0 1 1066 tbf 0 36379236 35551 0 34582
1788648212.035370 0 0 4 4264 tbf 0 36383500 35555 0 34582
1788648212.058512 0 0 0 0 tbf 0 36383500 35555 0 34582
1788648212.081626 0 0 1 1066 tbf 0 36384566 35556 0 34582
1788648212.104017 0 0 4 4264 tbf 0 36388830 35560 0 34582
1788648212.127110 0 0 2 2132 tbf 0 36390962 35562 0 34582
1788648212.150568 0 0 3 3198 tbf 0 36394160 35565 0 34582
1788648212.172630 0 0 3 3198 tbf 0 36397358 35568 0 34582
1788648212.195398 0 0 1 1066 tbf 0 36398424 35569 0 34582
1788648212.217847 0 0 5 5330 tbf 0 36403754 35574 0 34582
1788648212.240546 0 0 1 1066 tbf 0 36405886 35576 0 34582
1788648212.262609 0 0 5 5330 tbf 0 36410150 35580 0 34582
1788648212.285506 0 0 4 3240 tbf 0 36415010 35586 0 34582
1788648212.307631 0 0 13 9250 tbf 0 36423706 35598 0 34582
1788648212.330100 0 0 13 8738 tbf 0 36432444 35611 0 34582
1788648212.352268 0 0 9 5498 tbf 0 36436876 35619 0 34582
1788648212.374738 0 0 11 6094 tbf 0 36442970 35630 0 34582
1788648212.396770 0 0 14 7756 tbf 0 36450726 35644 0 34582
1788648212.420433 0 0 13 7714 tbf 0 36458440 35657 0 34583
1788648212.442366 0 0 9 6522 tbf 0 36464962 35666 0 34585
1788648212.465183 0 0 6 4860 tbf 0 36469822 35672 0 34585
1788648212.487098 0 0 5 5330 tbf 0 36475152 35677 0 34585
1788648212.509978 1 70 3 3198 tbf 0 36478350 35680 0 34585
1788648212.532758 0 0 0 0 tbf 0 36478350 35680 0 34585
1788648212.555372 0 0 0 0 tbf 0 36478350 35680 0 34585
1788648212.577422 0 0 0 0 tbf 0 36478350 35680 0 34585
1788648212.601044 0 0 0 0 tbf 0 36478350 35680 0 34585
1788648212.623034 0 0 2 2132 tbf 0 36480482 35682 0 34585
1788648212.645836 0 0 3 3198 tbf 0 36483680 35685 0 34585
1788648212.668033 0 0 3 3198 tbf 0 36487944 35689 0 34585
1788648212.690565 0 0 4 4264 tbf 0 36493274 35694 0 34585
1788648212.712829 0 0 4 4264 tbf 0 36496472 35697 0 34585
1788648212.735781 0 0 4 4264 tbf 0 36499670 35700 0 34585
1788648212.758006 0 0 6 5400 tbf 0 36505070 35706 0 34585
1788648212.780526 0 0 3 3198 tbf 0 36508268 35709 0 34585
1788648212.802723 1 74 5 3339 tbf 0 36511673 35715 0 34585
1788648212.826169 7 479 70 64683 tbf 1066 36588016 35795 0 34614
1788648212.848413 1 73 105 111930 tbf 0 36697814 35898 0 34681
1788648212.870948 4 273 131 132682 tbf 0 36826232 36025 0 34726
1788648212.893007 1 73 111 116814 tbf 3752 36937716 36131 0 34797
1788648212.915422 4 280 121 116878 tbf 0 37060990 36258 0 34874
1788648212.937629 1 66 121 124890 tbf 0 37184814 36378 0 34924
1788648212.960548 0 0 125 127618 tbf 0 37317250 36508 0 34984
1788648212.982421 0 0 130 132460 tbf 1066 37448090 36636 0 35032
1788648213.005298 0 0 124 129112 tbf 1066 37575624 36759 0 35106
1788648213.027223 0 0 117 120114 tbf 0 37698424 36879 0 35156
1788648213.049744 0 0 123 125486 tbf 0 37825488 37003 0 35259
1788648213.072140 0 0 115 117982 tbf 0 37936520 37111 0 35326
1788648213.094037 0 0 120 124336 tbf 0 38060856 37231 0 35413
1788648213.116379 0 0 111 117302 tbf 0 38183488 37347 0 35503
1788648213.138434 0 0 118 121180 tbf 0 38304668 37465 0 35576
1788648213.160972 0 0 118 124252 tbf 0 38425722 37580 0 35608
1788648213.183088 0 0 116 123144 tbf 0 38548866 37696 0 35696
1788648213.205951 0 0 110 117260 tbf 0 38667192 37807 0 35754
1788648213.228053 0 0 116 123656 tbf 0 38789782 37922 0 35833
1788648213.250400 0 0 108 115128 tbf 0 38899580 38025 0 35884
1788648213.272787 0 0 8 8528 tbf 0 38907042 38032 0 35884
1788648213.295011 0 0 2 2132 tbf 0 38910240 38035 0 35884
1788648213.317722 0 0 114 114356 tbf 0 39025662 38150 0 35972
1788648213.340395 0 0 124 126552 tbf 1066 39160784 38283 0 36056
1788648213.362287 0 0 122 126468 tbf 0 39282946 38400 0 36142
1788648213.384630 0 0 118 124252 tbf 1066 39412528 38523 0 36215
1788648213.407465 0 0 136 137296 tbf 0 39546668 38657 0 36289
1788648213.429965 0 0 135 137254 tbf 0 39687120 38795 0 36370
1788648213.451980 0 0 119 123782 tbf 0 39810860 38913 0 36430
1788648213.476535 0 0 127 130262 tbf 0 39955534 39054 0 36522
1788648213.498522 0 0 151 151750 tbf 0 40085452 39185 0 36580
1788648213.533951 0 0 12 11768 tbf 0 40095046 39194 0 36581
1788648213.556734 0 0 9 6522 tbf 0 40099436 39201 0 36581
1788648213.579095 0 0 93 96066 tbf 0 40199766 39298 0 36634
1788648213.601140 0 0 114 118964 tbf 0 40315532 39409 0 36718
1788648213.623521 0 0 112 118368 tbf 0 40442428 39529 0 36785
1788648213.645416 0 0 119 121734 tbf 0 40560964 39645 0 36866
1788648213.667586 0 0 127 129750 tbf 0 40693400 39775 0 36922
1788648213.689725 0 0 130 130900 tbf 0 40821614 39902 0 37026
1788648213.712013 0 0 123 125486 tbf 0 40948166 40026 0 37089
1788648213.733786 0 0 115 122590 tbf 0 41072888 40143 0 37167
1788648213.756078 0 0 118 125788 tbf 0 41197610 40260 0 37221
1788648213.778183 0 0 121 127450 tbf 0 41321862 40378 0 37288
1788648213.800557 0 0 117 121650 tbf 0 41447264 40499 0 37371
1788648213.822911 0 0 123 125486 tbf 0 41571684 40621 0 37459
1788648213.844891 0 0 132 134056 tbf 1066 41703054 40750 0 37544
1788648213.867143 0 0 123 121390 tbf 0 41830840 40879 0 37629
1788648213.889357 0 0 128 130816 tbf 0 41956880 41003 0 37679
1788648213.911574 0 0 119 121222 tbf 0 42081812 41125 0 37739
1788648213.933645 0 0 122 125956 tbf 0 42204570 41244 0 37786
1788648213.955943 0 0 120 125360 tbf 0 42329930 41364 0 37838
1788648213.977905 0 0 122 125956 tbf 0 42458018 41488 0 37891
1788648214.000532 0 0 120 127920 tbf 0 42583806 41606 0 37951
1788648214.022551 0 0 107 112014 tbf 0 42694754 41712 0 37981
1788648214.045874 0 0 121 127450 tbf 0 42831798 41842 0 38043
1788648214.067736 0 0 129 132906 tbf 0 42956176 41963 0 38115
1788648214.090076 0 0 125 129154 tbf 0 43090660 42093 0 38159
1788648214.112032 0 0 127 131286 tbf 0 43217682 42216 0 38233
1788648214.134341 0 0 127 130262 tbf 0 43347944 42343 0 38336
1788648214.156540 0 0 124 129112 tbf 0 43479188 42469 0 38447
1788648214.178790 0 0 128 132352 tbf 0 43608342 42594 0 38577
1788648214.200631 0 0 129 132906 tbf 0 43739158 42722 0 38658
1788648214.222967 0 0 118 124764 tbf 0 43866012 42841 0 38728
1788648214.245845 0 0 130 130900 tbf 1066 44004928 42979 0 38810
1788648214.268447 0 0 133 140242 tbf 0 44137154 43104 0 38881
1788648214.290567 0 0 24 25072 tbf 0 44154764 43121 0 38913
1788648214.313371 0 0 12 6648 tbf 0 44161412 43133 0 38913
1788648214.335562 0 0 28 29848 tbf 0 44195524 43165 0 38946
1788648214.358393 0 0 105 111418 tbf 2686 44310140 43273 0 39012
1788648214.380529 0 0 121 121818 tbf 554 44430380 43393 0 39090
1788648214.404116 0 0 136 136272 tbf 0 44571428 43533 0 39161
1788648214.426043 0 0 122 126468 tbf 0 44694186 43652 0 39249
1788648214.448410 0 0 126 131756 tbf 0 44825388 43777 0 39292
1788648214.470596 0 0 123 128046 tbf 0 44952922 43900 0 39380
1788648214.493126 0 0 137 141434 tbf 0 45093802 44036 0 39468
1788648214.514958 0 0 110 117260 tbf 1066 45215326 44150 0 39526
1788648214.537522 0 0 124 128600 tbf 0 45336464 44267 0 39581
1788648214.559343 0 0 124 124504 tbf 1066 45467364 44397 0 39654
1788648214.582207 0 0 139 139982 tbf 0 45605256 44535 0 39737
1788648214.604141 0 0 112 117856 tbf 0 45723070 44646 0 39763
1788648214.626386 0 0 125 129666 tbf 0 45853290 44772 0 39863
1788648214.648757 0 0 125 127106 tbf 1066 45985726 44902 0 39941
1788648214.670792 0 0 125 132226 tbf 0 46113134 45022 0 40033
1788648214.693112 0 0 133 135122 tbf 0 46246678 45154 0 40114
1788648214.714949 0 0 120 125872 tbf 1066 46375748 45277 0 40192
1788648214.737536 0 0 121 125914 tbf 0 46501108 45397 0 40269
1788648214.759365 0 0 117 124210 tbf 0 46622674 45512 0 40325
1788648214.781734 0 0 121 124378 tbf 0 46752894 45638 0 40372
1788648214.804486 0 0 119 120710 tbf 0 46874200 45759 0 40451
1788648214.826726 0 0 124 128600 tbf 0 46998494 45878 0 40514
1788648214.848926 0 0 110 112652 tbf 0 47105262 45982 0 40598
1788648214.871288 0 0 16 12448 tbf 0 47116132 45997 0 40598
1788648214.893257 0 0 91 92398 tbf 0 47213306 46092 0 40669
1788648214.915548 0 0 106 112996 tbf 1066 47333764 46205 0 40739
1788648214.938690 0 0 128 132864 tbf 0 47467694 46334 0 40826
1788648214.960933 0 0 121 128986 tbf 0 47589218 46448 0 40896
1788648214.982748 0 0 123 131118 tbf 0 47716072 46567 0 40969
1788648215.004991 0 0 108 115128 tbf 0 47837596 46681 0 41038
1788648215.026790 0 0 125 127106 tbf 0 47960438 46802 0 41117
1788648215.049201 0 0 117 121650 tbf 0 48094410 46932 0 41214
1788648215.071161 0 0 130 130388 tbf 0 48215674 47052 0 41317
1788648215.095232 0 0 121 122330 tbf 0 48349772 47185 0 41400
1788648215.117082 0 0 140 145656 tbf 0 48479396 47309 0 41477
1788648215.139345 0 0 120 124336 tbf 2132 48609062 47434 0 41558
1788648215.161460 0 0 57 60762 tbf 0 48661296 47483 0 41603
1788648215.183619 0 0 92 93976 tbf 1066 48763842 47584 0 41658
1788648215.205475 0 0 117 118578 tbf 0 48881312 47699 0 41721
1788648215.227833 0 0 112 118368 tbf 0 49002878 47814 0 41780
1788648215.249612 0 0 137 138362 tbf 0 49140728 47951 0 41866
1788648215.271837 0 0 124 129112 tbf 0 49267154 48072 0 41920
1788648215.293810 0 0 133 135634 tbf 0 49406028 48209 0 41979
1788648215.316190 0 0 118 123228 tbf 0 49528148 48325 0 42056
1788648215.338014 0 0 123 131118 tbf 1066 49658200 48447 0 42106
1788648215.360379 0 0 115 122590 tbf 0 49782922 48564 0 42195
1788648215.382127 0 0 122 125956 tbf 0 49902482 48680 0 42252
1788648215.404463 0 0 111 117302 tbf 0 50026734 48798 0 42317
1788648215.426342 0 0 116 119560 tbf 0 50135080 48903 0 42386
1788648215.449100 0 0 2 2132 tbf 0 50137212 48905 0 42386
1788648215.471155 0 0 2 2132 tbf 0 50139344 48907 0 42386
1788648215.493783 0 0 2 2132 tbf 0 50141476 48909 0 42386
1788648215.515872 0 0 6 6396 tbf 0 50148938 48916 0 42386
1788648215.538312 0 0 5 4818 tbf 0 50153756 48921 0 42386
1788648215.560212 0 0 41 41146 tbf 0 50202406 48970 0 42399
1788648215.582555 0 0 130 130388 tbf 0 50333306 49100 0 42476
1788648215.604475 0 0 123 124974 tbf 0 50454528 49219 0 42549
1788648215.627171 0 0 123 127022 tbf 0 50585302 49346 0 42602
1788648215.649187 0 0 118 122716 tbf 0 50705886 49462 0 42659
1788648215.671600 0 0 118 123740 tbf 0 50831204 49581 0 42711
1788648215.693537 0 0 128 131840 tbf 0 50962532 49709 0 42809
1788648215.715768 0 0 122 126980 tbf 0 51091090 49832 0 42875
1788648215.737785 0 0 128 131840 tbf 0 51223996 49961 0 42953
1788648215.760098 0 0 128 130816 tbf 0 51349482 50084 0 43052
1788648215.782354 0 0 124 128600 tbf 0 51483454 50214 0 43139
1788648215.804342 0 0 115 115422 tbf 0 51594570 50324 0 43224
1788648215.826646 0 0 121 122842 tbf 0 51720610 50448 0 43283
1788648215.848539 0 0 119 126854 tbf 0 51843200 50563 0 43347
1788648215.870714 0 0 115 122590 tbf 0 51965790 50678 0 43415
1788648215.892580 0 0 119 122758 tbf 1066 52086416 50795 0 43501
1788648215.914757 0 0 109 116194 tbf 0 52207940 50909 0 43551
1788648215.937620 0 0 121 128986 tbf 3198 52334794 51028 0 43628
1788648215.960543 0 0 109 116194 tbf 0 52456318 51142 0 43685
1788648215.982409 0 0 120 127920 tbf 0 52578908 51257 0 43726
1788648216.004774 0 0 115 122590 tbf 0 52703630 51374 0 43792
1788648216.026668 0 0 112 119392 tbf 0 52821956 51485 0 43853
1788648216.048971 0 0 106 112996 tbf 0 52933886 51590 0 43934
1788648216.071067 0 0 125 130178 tbf 1066 53062998 51714 0 43996
1788648216.093266 0 0 121 124890 tbf 1066 53193772 51841 0 44052
1788648216.115133 0 0 126 133292 tbf 0 53320114 51960 0 44140
1788648216.140423 0 0 117 124210 tbf 0 53457116 52089 0 44228
1788648216.162314 0 0 131 135550 tbf 0 53584138 52212 0 44280
1788648216.185052 0 0 64 65664 tbf 0 53641274 52268 0 44310
1788648216.207156 0 0 15 8310 tbf 0 53649584 52283 0 44310
1788648216.230017 0 0 0 0 tbf 0 53649584 52283 0 44310
1788648216.252317 0 0 0 0 tbf 0 53649584 52283 0 44310
1788648216.274737 0 0 16 9376 tbf 0 53658960 52299 0 44310
1788648216.296620 0 0 75 75854 tbf 3198 53749738 52388 0 44391
1788648216.319052 0 0 225 234730 tbf 8528 53988262 52618 0 44941
1788648216.341096 0 0 256 263680 tbf 63532 54246016 52867 0 45668
1788648216.364004 0 0 256 269824 tbf 166338 54522278 53130 0 46455
1788648216.385846 0 0 240 253792 tbf 318818 54770698 53364 0 47223
1788648216.408292 0 0 240 254816 tbf 589196 55030844 53609 0 48103
1788648216.430290 0 0 254 268204 tbf 719676 55293718 53858 0 48999
1788648216.453077 0 0 232 244240 tbf 719550 55540090 54092 0 49841
1788648216.475703 0 0 232 247312 tbf 718484 55786336 54323 0 50625
1788648216.499007 0 0 245 261170 tbf 718484 56052836 54573 0 51476
1788648216.521200 0 0 246 262236 tbf 718484 56308676 54813 0 52334
1788648216.543728 0 0 238 253708 tbf 719550 56566648 55055 0 53182
1788648216.566138 0 0 254 270764 tbf 719550 56834214 55306 0 54049
1788648216.588775 0 0 240 255840 tbf 717418 57096450 55552 0 54910
1788648216.611303 0 0 253 269698 tbf 719550 57359752 55799 0 55785
1788648216.634027 0 0 248 264368 tbf 719550 57628384 56051 0 56706
1788648216.656278 0 0 242 257972 tbf 718484 57884224 56291 0 57529
1788648216.680744 0 0 241 256906 tbf 718484 58162450 56552 0 58387
1788648216.702922 0 0 267 284622 tbf 714984 58425752 56799 0 59135
1788648216.725308 0 0 249 265434 tbf 719030 58694384 57051 0 59879
1788648216.747103 0 0 242 257460 tbf 692506 58944936 57287 0 60556
1788648216.770308 0 0 260 270504 tbf 575674 59225588 57557 0 61221
1788648216.792331 0 0 267 277454 tbf 407330 59495538 57816 0 61825
1788648216.815032 0 0 271 282230 tbf 242696 59782074 58092 0 62477
1788648216.837380 0 0 280 278512 tbf 74746 60054148 58365 0 63091
1788648216.859839 0 0 194 198612 tbf 0 60250116 58557 0 63416
1788648216.881706 0 0 123 126510 tbf 2132 60370742 58674 0 63468
1788648216.904456 0 0 116 121096 tbf 0 60498234 58796 0 63532
1788648216.926314 0 0 115 122590 tbf 0 60618692 58909 0 63587
1788648216.948755 0 0 120 125360 tbf 0 60737698 59024 0 63657
1788648216.970638 0 0 118 120156 tbf 0 60863184 59147 0 63716
1788648216.993441 0 0 39 37478 tbf 0 60893712 59179 0 63740
1788648217.015442 0 0 103 106726 tbf 0 61005214 59286 0 63778
1788648217.038489 0 0 126 128684 tbf 0 61136584 59415 0 63857
1788648217.060483 0 0 124 125528 tbf 0 61261046 59538 0 63914
1788648217.082754 0 0 123 125998 tbf 0 61391820 59665 0 63991
1788648217.104768 0 0 122 129540 tbf 0 61513898 59780 0 64055
1788648217.127219 0 0 130 133972 tbf 1066 61650002 59912 0 64147
1788648217.149597 0 0 109 111074 tbf 0 61760564 60021 0 64228
1788648217.172614 0 0 114 116916 tbf 0 61878034 60136 0 64323
1788648217.194870 0 0 114 116404 tbf 0 61997594 60252 0 64383
1788648217.218630 0 0 119 122758 tbf 0 62134252 60385 0 64463
1788648217.241008 0 0 135 137254 tbf 0 62252276 60501 0 64547
1788648217.263306 0 0 116 123656 tbf 0 62378064 60619 0 64655
1788648217.285246 0 0 121 128986 tbf 0 62504918 60738 0 64740
1788648217.307771 0 0 116 123656 tbf 0 62627508 60853 0 64814
1788648217.329663 0 0 119 126854 tbf 0 62753296 60971 0 64877
1788648217.351985 0 0 116 123656 tbf 0 62882282 61092 0 64945
1788648217.373910 0 0 117 124722 tbf 0 63005938 61208 0 65000
1788648217.396352 0 0 116 121608 tbf 0 63127546 61324 0 65063
1788648217.418369 0 0 78 83148 tbf 0 63203232 61395 0 65100
1788648217.441769 0 0 3 3198 tbf 0 63206430 61398 0 65100
1788648217.463910 0 0 68 68904 tbf 0 63279598 61470 0 65153
1788648217.486219 0 0 126 127660 tbf 0 63411522 61600 0 65241
1788648217.508267 0 0 123 127022 tbf 1066 63536412 61721 0 65302
1788648217.530612 0 0 123 129582 tbf 0 63668126 61846 0 65348
1788648217.552586 0 0 126 128684 tbf 0 63793612 61969 0 65428
1788648217.574940 0 0 124 127576 tbf 1066 63922808 62095 0 65514
1788648217.596953 0 0 119 126342 tbf 1066 64047530 62212 0 65576
1788648217.619307 0 0 118 125788 tbf 0 64174384 62331 0 65647
1788648217.641401 0 0 125 130178 tbf 0 64306182 62458 0 65728
1788648217.663862 0 0 127 130774 tbf 0 64434270 62582 0 65791
1788648217.685680 0 0 125 128642 tbf 2686 64566664 62711 0 65862
1788648217.708869 0 0 129 130858 tbf 0 64695902 62838 0 65960
1788648217.731200 0 0 110 116748 tbf 0 64812650 62948 0 66041
1788648217.754479 0 0 115 122078 tbf 0 64934728 63063 0 66069
1788648217.777301 0 0 131 132990 tbf 0 65072536 63199 0 66151
1788648217.800357 0 0 136 139344 tbf 0 65207616 63331 0 66219
1788648217.822422 0 0 115 121054 tbf 0 65327050 63444 0 66298
1788648217.844852 0 0 117 124722 tbf 0 65450706 63560 0 66355
1788648217.866692 0 0 114 121524 tbf 0 65575428 63677 0 66421
1788648217.889081 0 0 125 133250 tbf 0 65706546 63800 0 66468
1788648217.910954 0 0 115 122590 tbf 0 65833400 63919 0 66526
1788648217.933363 0 0 125 133250 tbf 0 65960254 64038 0 66581
1788648217.955204 0 0 112 119392 tbf 0 66083910 64154 0 66663
1788648217.977635 0 0 123 131118 tbf 0 66213962 64276 0 66757
1788648217.999395 0 0 114 121524 tbf 0 66338684 64393 0 66829
1788648218.021785 0 0 120 126896 tbf 0 66459184 64507 0 66898
1788648218.044318 0 0 131 134014 tbf 0 66598528 64643 0 66977
1788648218.066655 0 0 119 126854 tbf 0 66724316 64761 0 67046
1788648218.089091 0 0 120 125360 tbf 0 66852874 64884 0 67127
1788648218.110989 0 0 116 123656 tbf 1066 66974398 64998 0 67180
1788648218.133922 0 0 61 65026 tbf 0 67029830 65050 0 67229
1788648218.156252 0 0 3 3198 tbf 0 67033028 65053 0 67229
1788648218.178708 0 0 3 3198 tbf 0 67036226 65056 0 67229
1788648218.200548 0 0 10 7588 tbf 0 67044368 65067 0 67229
1788648218.222907 0 0 13 8738 tbf 0 67053660 65081 0 67229
1788648218.244911 0 0 7 4902 tbf 0 67057454 65086 0 67229
1788648218.269015 0 0 12 9208 tbf 0 67082652 65113 0 67245
1788648218.291099 0 0 118 125788 tbf 1066 67195648 65219 0 67304
1788648218.313426 0 0 104 110864 tbf 1066 67312908 65329 0 67372
1788648218.335862 0 0 123 128046 tbf 0 67443128 65455 0 67449
1788648218.358322 0 0 132 132520 tbf 0 67572450 65584 0 67514
1788648218.380375 0 0 129 129322 tbf 0 67700706 65712 0 67605
1788648218.402644 0 0 122 121860 tbf 0 67822566 65834 0 67675
1788648218.424596 0 0 130 129876 tbf 0 67951888 65963 0 67756
1788648218.446924 0 0 118 121180 tbf 0 68078910 66086 0 67817
1788648218.468911 0 0 131 134014 tbf 0 68204396 66209 0 67903
1788648218.491231 0 0 119 124294 tbf 0 68336194 66336 0 67977
1788648218.513423 0 0 125 125058 tbf 0 68451658 66452 0 68073
1788648218.536143 0 0 18 10001 tbf 0 68460593 66469 0 68073
1788648218.558000 0 0 11 7118 tbf 0 68466603 66478 0 68073
1788648218.580542 1 66 8 5968 tbf 0 68472571 66486 0 68073
1788648218.602822 0 0 9 7034 tbf 0 68479605 66495 0 68073
1788648218.625429 0 0 9 5498 tbf 0 68485103 66504 0 68073
1788648218.647609 0 0 16 10400 tbf 0 68496057 66521 0 68075
1788648218.670469 0 0 15 10870 tbf 0 68506373 66535 0 68076
1788648218.692699 0 0 11 8142 tbf 0 68514515 66546 0 68076
1788648218.714893 0 0 14 7756 tbf 0 68522825 66561 0 68076
1788648218.737115 0 0 13 8738 tbf 0 68532075 66574 0 68077
1788648218.759600 0 0 18 12532 tbf 0 68545715 66594 0 68079
1788648218.781554 0 0 5 4306 tbf 0 68548913 66597 0 68079
1788648218.806217 0 0 4 4264 tbf 0 68553177 66601 0 68079
1788648218.828213 0 0 17 11466 tbf 0 68563577 66617 0 68079
1788648218.850486 0 0 3 1662 tbf 0 68565239 66620 0 68079
1788648218.872833 0 0 0 0 tbf 0 68565239 66620 0 68079
1788648218.895255 0 0 0 0 tbf 0 68565239 66620 0 68079
1788648218.917106 0 0 2 2132 tbf 0 68568437 66623 0 68079
1788648218.939539 0 0 5 5330 tbf 0 68573767 66628 0 68079
1788648218.961472 0 0 4 4264 tbf 0 68576965 66631 0 68079
1788648218.984293 0 0 3 3198 tbf 0 68581229 66635 0 68079
1788648219.006201 0 0 2 2132 tbf 0 68582295 66636 0 68079
1788648219.028759 0 0 0 0 tbf 0 68582295 66636 0 68079
1788648219.050861 0 0 1 1066 tbf 0 68583361 66637 0 68079
1788648219.073536 0 0 0 0 tbf 0 68583361 66637 0 68079
1788648219.095664 0 0 0 0 tbf 0 68583361 66637 0 68079
1788648219.118229 0 0 0 0 tbf 0 68583361 66637 0 68079
1788648219.140509 0 0 0 0 tbf 0 68583361 66637 0 68079
1788648219.163060 0 0 0 0 tbf 0 68583361 66637 0 68079
1788648219.185029 0 0 0 0 tbf 0 68583361 66637 0 68079
1788648219.207320 0 0 0 0 tbf 0 68583361 66637 0 68079
1788648219.229106 0 0 0 0 tbf 0 68583361 66637 0 68079
1788648219.251636 0 0 0 0 tbf 0 68583361 66637 0 68079
1788648219.273777 0 0 0 0 tbf 0 68583361 66637 0 68079
1788648219.296761 0 0 0 0 tbf 0 68583361 66637 0 68079
1788648219.318790 0 0 0 0 tbf 0 68583361 66637 0 68079
1788648219.342062 0 0 0 0 tbf 0 68583361 66637 0 68079
1788648219.364143 0 0 0 0 tbf 0 68583361 66637 0 68079
1788648219.386511 0 0 0 0 tbf 0 68583361 66637 0 68079
1788648219.408752 0 0 2 1620 tbf 0 68584981 66639 0 68079
1788648219.431280 0 0 8 4432 tbf 0 68589413 66647 0 68079
1788648219.453550 0 0 6 4860 tbf 0 68595381 66655 0 68079
1788648219.476343 0 0 9 4986 tbf 0 68599813 66663 0 68079
1788648219.498354 0 0 6 3324 tbf 0 68602583 66668 0 68079
1788648219.521204 0 0 7 3878 tbf 0 68607015 66676 0 68079
1788648219.543439 5 336 11 4143 tbf 0 68610604 66686 0 68079
1788648219.566553 0 0 13 7202 tbf 0 68618360 66700 0 68079
1788648219.588691 0 0 16 9888 tbf 0 68629314 66717 0 68081
1788648219.611133 0 0 15 10358 tbf 0 68638052 66730 0 68081
1788648219.633698 0 0 15 10870 tbf 0 68648922 66745 0 68082
1788648219.655624 0 0 10 7076 tbf 0 68655998 66755 0 68082
1788648219.678168 0 0 3 1662 tbf 0 68658214 66759 0 68082
1788648219.700263 0 0 18 9972 tbf 0 68668740 66778 0 68082
1788648219.722672 0 0 7 3878 tbf 0 68671510 66783 0 68082
1788648219.745319 0 0 0 0 tbf 0 68671510 66783 0 68082
1788648219.767954 0 0 1 554 tbf 0 68672618 66785 0 68082
1788648219.789915 0 0 10 8100 tbf 0 68680164 66794 0 68083
1788648219.812424 0 0 16 8864 tbf 0 68689582 66811 0 68083
1788648219.834592 0 0 12 7672 tbf 0 68696700 66822 0 68085
1788648219.858927 0 0 2 2132 tbf 0 68699898 66825 0 68085
1788648219.881252 0 0 10 6052 tbf 0 68704884 66834 0 68085
1788648219.903915 0 0 9 5498 tbf 0 68710382 66843 0 68085
1788648219.925842 0 0 9 4986 tbf 0 68715368 66852 0 68085
1788648219.948398 0 0 12 6648 tbf 0 68722016 66864 0 68085
1788648219.970455 0 0 11 6094 tbf 0 68728110 66875 0 68085
1788648219.994124 0 0 3 1662 tbf 0 68729772 66878 0 68085
1788648220.016979 0 0 0 0 tbf 0 68729772 66878 0 68085
1788648220.039323 0 0 0 0 tbf 0 68729772 66878 0 68085
1788648220.062340 0 0 0 0 tbf 0 68729772 66878 0 68085
1788648220.085823 0 0 0 0 tbf 0 68729772 66878 0 68085
1788648220.108650 0 0 0 0 tbf 0 68729772 66878 0 68085
1788648220.131242 0 0 5 2770 tbf 0 68734204 66886 0 68085
1788648220.153548 0 0 15 8310 tbf 0 68740852 66898 0 68085
1788648220.176382 0 0 10 5540 tbf 0 68746392 66908 0 68085
1788648220.198200 0 0 10 5056 tbf 0 68751448 66918 0 68085
1788648220.220857 0 0 7 3878 tbf 0 68756434 66927 0 68085
1788648220.242973 0 0 14 7756 tbf 0 68763636 66940 0 68085
1788648220.265527 0 0 14 7756 tbf 0 68771392 66954 0 68085
1788648220.287513 0 0 5 2770 tbf 0 68773608 66958 0 68085
1788648220.309945 0 0 9 4986 tbf 0 68779148 66968 0 68085
1788648220.332728 0 0 11 6094 tbf 0 68784688 66978 0 68085
1788648220.355232 0 0 0 0 tbf 0 68784688 66978 0 68085
1788648220.377187 0 0 6 3324 tbf 0 68789120 66986 0 68085
1788648220.402741 0 0 6 3324 tbf 0 68791336 66990 0 68085
1788648220.425071 0 0 0 0 tbf 0 68791336 66990 0 68085
1788648220.447849 0 0 8 4432 tbf 0 68797430 67001 0 68085
1788648220.469897 0 0 7 3878 tbf 0 68799646 67005 0 68085
1788648220.492485 0 0 14 7756 tbf 0 68807402 67019 0 68085
1788648220.514467 0 0 6 3324 tbf 0 68810726 67025 0 68085
1788648220.537502 0 0 7 3878 tbf 0 68815712 67034 0 68085
1788648220.559517 0 0 7 3878 tbf 0 68818482 67039 0 68085
1788648220.582545 0 0 0 0 tbf 0 68818482 67039 0 68085
1788648220.604986 0 0 5 2770 tbf 0 68821252 67044 0 68085
1788648220.627584 0 0 5 2770 tbf 0 68824022 67049 0 68085
1788648220.649838 0 0 10 5540 tbf 0 68830116 67060 0 68085
1788648220.672669 0 0 9 4986 tbf 0 68834548 67068 0 68085
1788648220.694535 0 0 7 3878 tbf 0 68838426 67075 0 68085
1788648220.717229 0 0 4 2216 tbf 0 68840642 67079 0 68085
1788648220.739463 0 0 1 554 tbf 0 68842304 67082 0 68085
1788648220.761859 0 0 11 6094 tbf 0 68847844 67092 0 68085
1788648220.783802 0 0 17 9418 tbf 0 68857262 67109 0 68085
1788648220.807439 0 0 13 7202 tbf 0 68865572 67124 0 68085
1788648220.829421 0 0 7 3878 tbf 0 68868342 67129 0 68085
1788648220.851957 0 0 7 3878 tbf 0 68871666 67135 0 68085
1788648220.874059 0 0 1 74 tbf 0 68871740 67136 0 68085
1788648220.896686 6 420 17 6039 tbf 0 68877779 67153 0 68085
1788648220.918610 4 272 7 3977 tbf 0 68881756 67160 0 68085
1788648220.942034 0 0 5 4330 tbf 0 68886152 67166 0 68085
1788648220.964226 1 74 6 2405 tbf 0 68889557 67172 0 68085
1788648220.986666 3 206 6 3423 tbf 0 68891914 67177 0 68085
1788648221.008614 0 0 0 0 tbf 0 68891914 67177 0 68085
1788648221.031114 0 0 3 2198 tbf 0 68895178 67181 0 68085
1788648221.052955 0 0 5 5330 tbf 0 68899442 67185 0 68085
1788648221.075658 0 0 3 3198 tbf 0 68903706 67189 0 68085
1788648221.097852 0 0 5 3794 tbf 0 68906988 67194 0 68085
1788648221.120528 0 0 7 4390 tbf 0 68910824 67200 0 68085
1788648221.142801 0 0 15 11382 tbf 0 68922206 67215 0 68086
1788648221.165501 0 0 15 10870 tbf 0 68933076 67230 0 68087
1788648221.187489 0 0 5 4306 tbf 0 68937382 67235 0 68087
1788648221.210249 0 0 8 5456 tbf 0 68942838 67243 0 68087
1788648221.232844 0 0 0 0 tbf 0 68942838 67243 0 68087
1788648221.255220 0 0 0 0 tbf 0 68942838 67243 0 68087
1788648221.277361 0 0 6 3836 tbf 0 68946674 67249 0 68087
1788648221.299676 0 0 16 11424 tbf 0 68958098 67265 0 68087
1788648221.321900 0 0 5 4818 tbf 0 68962916 67270 0 68087
1788648221.344490 0 0 3 2174 tbf 0 68965644 67274 0 68087
1788648221.366589 0 0 9 5498 tbf 0 68970588 67282 0 68087
1788648221.389013 0 0 14 7756 tbf 0 68978344 67296 0 68087
1788648221.411285 0 0 9 4986 tbf 0 68983330 67305 0 68087
1788648221.433946 0 0 1 1066 tbf 0 68984396 67306 0 68087
1788648221.457253 0 0 6 4860 tbf 0 68990876 67314 0 68087
1788648221.479312 0 0 14 10316 tbf 0 69000126 67327 0 68089
1788648221.501954 0 0 19 12574 tbf 0 69012146 67345 0 68089
1788648221.524132 0 0 10 7588 tbf 0 69019734 67355 0 68089
1788648221.546647 0 0 15 10358 tbf 0 69030646 67371 0 68090
1788648221.568705 0 0 8 5968 tbf 0 69037680 67380 0 68090
1788648221.591372 0 0 14 10828 tbf 0 69047442 67393 0 68092
1788648221.613316 0 0 9 5498 tbf 0 69052940 67402 0 68093
1788648221.635677 0 0 17 11466 tbf 0 69063852 67418 0 68094
1788648221.657856 0 0 7 3878 tbf 0 69069904 67428 0 68094
1788648221.680257 0 0 121 127450 tbf 1066 69205840 67556 0 68177
1788648221.702636 0 0 215 229190 tbf 12792 69436096 67772 0 68646
1788648221.725185 0 0 241 256906 tbf 4264 69699398 68019 0 69217
1788648221.747760 0 0 258 275028 tbf 56498 69970162 68273 0 69932
1788648221.771235 0 0 248 264368 tbf 237718 70241992 68528 0 70775
1788648221.793275 0 0 256 272384 tbf 432494 70506956 68778 0 71604
1788648221.815785 0 0 244 257544 tbf 602626 70769276 69026 0 72430
1788648221.837947 0 0 257 267818 tbf 688930 71034450 69281 0 73173
1788648221.860378 0 0 253 267138 tbf 712466 71305810 69537 0 73924
1788648221.882430 0 0 261 274642 tbf 685472 71576742 69795 0 74621
1788648221.905095 0 0 255 267734 tbf 642362 71850318 70055 0 75296
1788648221.927122 0 0 265 278906 tbf 610852 72121804 70314 0 76001
1788648221.949538 0 0 264 273232 tbf 574440 72399258 70581 0 76719
1788648221.972090 0 0 268 279032 tbf 525664 72676158 70847 0 77413
1788648221.996715 0 0 258 272980 tbf 366444 72977962 71133 0 78115
1788648222.018865 0 0 286 303852 tbf 218950 73251924 71390 0 78736
1788648222.041790 0 0 266 270244 tbf 70524 73523788 71658 0 79365
1788648222.063637 0 0 203 207182 tbf 0 73715492 71846 0 79694
1788648222.086016 0 0 99 102974 tbf 0 73816334 71943 0 79734
1788648222.108031 0 0 4 2216 tbf 0 73819104 71948 0 79734
1788648222.131522 0 0 7 3878 tbf 0 73822428 71954 0 79734
1788648222.154190 0 0 0 0 tbf 0 73822428 71954 0 79734
1788648222.177688 0 0 0 0 tbf 0 73822428 71954 0 79734
1788648222.199584 0 0 1 554 tbf 0 73823536 71956 0 79734
1788648222.222131 0 0 9 4986 tbf 0 73827968 71964 0 79734
1788648222.244385 0 0 9 4986 tbf 0 73833508 71974 0 79734
1788648222.267634 0 0 8 4432 tbf 0 73838494 71983 0 79734
1788648222.290244 0 0 5 2770 tbf 0 73840156 71986 0 79734
1788648222.312923 0 0 5 2770 tbf 0 73842926 71991 0 79734
1788648222.334800 0 0 5 2770 tbf 0 73845696 71996 0 79734
1788648222.358413 0 0 2 1108 tbf 0 73846804 71998 0 79734
1788648222.380417 0 0 0 0 tbf 0 73846804 71998 0 79734
1788648222.404096 0 0 1 554 tbf 0 73847358 71999 0 79734
1788648222.425996 0 0 0 0 tbf 0 73847358 71999 0 79734
1788648222.448972 0 0 1 1066 tbf 0 73848424 72000 0 79734
1788648222.471083 0 0 4 3240 tbf 0 73851664 72004 0 79734
1788648222.493657 0 0 13 8226 tbf 0 73859890 72017 0 79734
1788648222.515919 0 0 17 10954 tbf 0 73871398 72035 0 79735
1788648222.539576 0 0 8 4944 tbf 0 73875788 72042 0 79735
1788648222.562011 0 0 0 0 tbf 0 73875788 72042 0 79735
1788648222.585017 0 0 1 1066 tbf 0 73876854 72043 0 79735
1788648222.607043 0 0 4 3752 tbf 0 73880606 72047 0 79735
1788648222.630032 0 0 1 554 tbf 0 73881160 72048 0 79735
1788648222.652178 0 0 3 3198 tbf 0 73884358 72051 0 79735
1788648222.674741 0 0 9 7034 tbf 0 73891392 72060 0 79736
1788648222.696889 0 0 12 7672 tbf 0 73899064 72072 0 79736
1788648222.719569 0 0 11 7118 tbf 0 73906736 72084 0 79738
1788648222.741746 0 0 15 9846 tbf 0 73918202 72101 0 79738
1788648222.765531 0 0 10 7076 tbf 0 73923104 72108 0 79738
1788648222.787625 0 0 3 1662 tbf 0 73924766 72111 0 79738
1788648222.811448 0 0 5 3794 tbf 0 73928560 72116 0 79739
1788648222.834145 0 0 1 1066 tbf 0 73929626 72117 0 79739
1788648222.857846 0 0 0 0 tbf 0 73929626 72117 0 79739
1788648222.879735 0 0 2 1108 tbf 0 73930734 72119 0 79739
1788648222.902558 0 0 5 2770 tbf 0 73933504 72124 0 79739
1788648222.924608 0 0 5 2770 tbf 0 73936274 72129 0 79739
1788648222.947176 0 0 3 1662 tbf 0 73939556 72134 0 79739
1788648222.969270 0 0 13 9250 tbf 0 73947740 72146 0 79740
1788648222.991926 0 0 10 5540 tbf 0 73953280 72156 0 79740
1788648223.014012 0 0 6 3836 tbf 0 73956562 72161 0 79740
1788648223.036640 0 0 12 7160 tbf 0 73964276 72174 0 79741
1788648223.058702 0 0 12 8696 tbf 0 73972418 72185 0 79743
1788648223.081526 0 0 18 12020 tbf 0 73985546 72205 0 79745
1788648223.103567 0 0 14 7756 tbf 0 73992748 72218 0 79745
1788648223.126184 0 0 9 4986 tbf 0 73997180 72226 0 79745
1788648223.148389 0 0 9 5498 tbf 0 74004298 72237 0 79745
1788648223.170949 0 0 12 8184 tbf 0 74010862 72247 0 79745
1788648223.193092 0 0 7 5414 tbf 0 74016830 72255 0 79745
1788648223.216746 0 0 2 1108 tbf 0 74017384 72256 0 79745
1788648223.238659 0 0 0 0 tbf 0 74017384 72256 0 79745
1788648223.262077 0 0 0 0 tbf 0 74017384 72256 0 79745
1788648223.284259 0 0 6 3324 tbf 0 74020708 72262 0 79745
1788648223.306946 0 0 14 7756 tbf 0 74029018 72277 0 79745
1788648223.329097 0 0 13 7202 tbf 0 74036220 72290 0 79745
1788648223.351547 0 0 15 8310 tbf 0 74045638 72307 0 79745
1788648223.373561 0 0 11 6094 tbf 0 74050070 72315 0 79745
1788648223.396474 0 0 12 6648 tbf 0 74056718 72327 0 79745
1788648223.418554 0 0 1 554 tbf 0 74058380 72330 0 79745
1788648223.441066 0 0 13 7202 tbf 0 74064474 72341 0 79745
1788648223.463190 0 0 4 2216 tbf 0 74066690 72345 0 79745
1788648223.485766 0 0 12 6648 tbf 0 74073892 72358 0 79745
1788648223.508116 0 0 13 7202 tbf 0 74081648 72372 0 79745
1788648223.530691 0 0 17 9418 tbf 0 74089958 72387 0 79745
1788648223.552849 0 0 16 8864 tbf 0 74098822 72403 0 79745
1788648223.575465 0 0 10 5540 tbf 0 74105470 72415 0 79745
1788648223.597726 0 0 13 7202 tbf 0 74112118 72427 0 79745
1788648223.621297 0 0 4 2728 tbf 0 74114292 72430 0 79745
1788648223.643134 0 0 12 6648 tbf 0 74120940 72442 0 79745
1788648223.665602 0 0 17 9418 tbf 0 74130358 72459 0 79745
1788648223.688043 0 0 11 6094 tbf 0 74136452 72470 0 79745
1788648223.709925 0 0 15 8310 tbf 0 74144762 72485 0 79745
1788648223.733406 0 0 3 1662 tbf 0 74146424 72488 0 79745
1788648223.755341 0 0 5 5330 tbf 0 74152820 72494 0 79745
1788648223.778374 0 0 2 2132 tbf 0 74153886 72495 0 79745
1788648223.800647 0 0 0 0 tbf 0 74153886 72495 0 79745
1788648223.823069 0 0 0 0 tbf 0 74153886 72495 0 79745
1788648223.845249 0 0 10 5540 tbf 0 74159426 72505 0 79745
1788648223.869093 0 0 3 3198 tbf 0 74162624 72508 0 79745
1788648223.891540 0 0 3 3198 tbf 0 74165822 72511 0 79745
1788648223.914160 0 0 3 3198 tbf 0 74169020 72514 0 79745
1788648223.936695 0 0 5 4818 tbf 0 74173838 72519 0 79745
1788648223.959466 0 0 5 5330 tbf 0 74180234 72525 0 79745
1788648223.981836 0 0 4 4264 tbf 0 74184498 72529 0 79745
1788648224.004437 0 0 3 3198 tbf 0 74187696 72532 0 79745
1788648224.026381 0 0 4 4264 tbf 0 74190894 72535 0 79745
1788648224.050055 0 0 2 2132 tbf 0 74193026 72537 0 79745
1788648224.072258 0 0 1 1066 tbf 0 74194092 72538 0 79745
1788648224.094721 0 0 0 0 tbf 0 74194092 72538 0 79745
1788648224.117256 0 0 2 2132 tbf 0 74196224 72540 0 79745
1788648224.142389 0 0 2 2132 tbf 0 74198356 72542 0 79745
1788648224.164530 0 0 0 0 tbf 0 74198356 72542 0 79745
1788648224.197594 0 0 2 2132 tbf 0 74200488 72544 0 79745
1788648224.220458 0 0 2 2132 tbf 0 74202620 72546 0 79745
1788648224.242583 0 0 0 0 tbf 0 74202620 72546 0 79745
1788648224.265663 0 0 0 0 tbf 0 74202620 72546 0 79745
1788648224.288161 0 0 1 1066 tbf 0 74203686 72547 0 79745
1788648224.311272 0 0 1 1066 tbf 0 74204752 72548 0 79745
1788648224.333580 0 0 1 1066 tbf 0 74205818 72549 0 79745
1788648224.356890 0 0 2 2132 tbf 0 74209016 72552 0 79745
1788648224.379569 0 0 2 2132 tbf 0 74210082 72553 0 79745
1788648224.401857 0 0 2 2132 tbf 0 74213280 72556 0 79745
1788648224.424444 0 0 4 4264 tbf 0 74216478 72559 0 79745
1788648224.446976 0 0 4 4264 tbf 0 74221808 72564 0 79745
1788648224.469169 0 0 1 1066 tbf 0 74221808 72564 0 79745
1788648224.492829 0 0 0 0 tbf 0 74221808 72564 0 79745
1788648224.514801 0 0 5 5330 tbf 0 74227138 72569 0 79745
1788648224.538087 0 0 2 2132 tbf 0 74229270 72571 0 79745
1788648224.560714 0 0 2 2132 tbf 0 74231402 72573 0 79745
1788648224.583339 0 0 2 2132 tbf 0 74233534 72575 0 79745
1788648224.605644 0 0 4 4264 tbf 0 74237798 72579 0 79745
1788648224.628270 0 0 3 3198 tbf 0 74240996 72582 0 79745
1788648224.650378 0 0 1 1066 tbf 0 74242062 72583 0 79745
1788648224.673065 0 0 3 3198 tbf 0 74245260 72586 0 79745
1788648224.695030 0 0 0 0 tbf 0 74245260 72586 0 79745
1788648224.719355 0 0 1 1066 tbf 0 74247392 72588 0 79745
1788648224.741178 0 0 5 5330 tbf 0 74251656 72592 0 79745
1788648224.764274 0 0 2 2132 tbf 0 74253788 72594 0 79745
1788648224.786303 0 0 2 2132 tbf 0 74255920 72596 0 79745
1788648224.809694 0 0 0 0 tbf 0 74255920 72596 0 79745
1788648224.831647 0 0 2 2132 tbf 0 74258052 72598 0 79745
1788648224.854250 0 0 1 1066 tbf 0 74259118 72599 0 79745
1788648224.876451 0 0 1 1066 tbf 0 74260184 72600 0 79745
1788648224.899744 0 0 1 1066 tbf 0 74262316 72602 0 79745
1788648224.921936 0 0 4 4264 tbf 0 74266580 72606 0 79745
1788648224.944630 0 0 6 6396 tbf 0 74271910 72611 0 79745
1788648224.966695 0 0 4 4264 tbf 0 74276174 72615 0 79745
1788648224.989749 0 0 2 2132 tbf 0 74278306 72617 0 79745
1788648225.011716 0 0 0 0 tbf 0 74278306 72617 0 79745
1788648225.034172 0 0 0 0 tbf 0 74278306 72617 0 79745
1788648225.057126 0 0 0 0 tbf 0 74278306 72617 0 79745
1788648225.080684 0 0 0 0 tbf 0 74278306 72617 0 79745
1788648225.102792 0 0 0 0 tbf 0 74278306 72617 0 79745
1788648225.127445 0 0 0 0 tbf 0 74278306 72617 0 79745
1788648225.149817 0 0 0 0 tbf 0 74278306 72617 0 79745
1788648225.172750 0 0 0 0 tbf 0 74278306 72617 0 79745
1788648225.194834 0 0 0 0 tbf 0 74278306 72617 0 79745
1788648225.218396 0 0 0 0 tbf 0 74278306 72617 0 79745
1788648225.241525 0 0 0 0 tbf 0 74278306 72617 0 79745
1788648225.264775 0 0 3 3198 tbf 0 74281504 72620 0 79745
1788648225.286940 0 0 1 1066 tbf 0 74282570 72621 0 79745
1788648225.309506 0 0 4 4264 tbf 0 74286834 72625 0 79745
1788648225.333048 0 0 0 0 tbf 0 74286834 72625 0 79745
1788648225.356176 0 0 0 0 tbf 0 74286834 72625 0 79745
1788648225.378464 0 0 0 0 tbf 0 74286834 72625 0 79745
1788648225.401244 0 0 0 0 tbf 0 74286834 72625 0 79745
1788648225.424000 0 0 0 0 tbf 0 74286834 72625 0 79745
1788648225.446785 0 0 0 0 tbf 0 74286834 72625 0 79745
1788648225.470794 0 0 0 0 tbf 0 74286834 72625 0 79745
1788648225.492915 0 0 1 1066 tbf 0 74287900 72626 0 79745
1788648225.515535 0 0 4 4264 tbf 0 74292164 72630 0 79745
1788648225.538010 0 0 3 3198 tbf 0 74295362 72633 0 79745
1788648225.561486 0 0 2 2132 tbf 0 74297494 72635 0 79745
1788648225.584787 0 0 0 0 tbf 0 74297494 72635 0 79745
1788648225.607099 0 0 6 6396 tbf 0 74303890 72641 0 79745
1788648225.629094 0 0 2 2132 tbf 0 74306022 72643 0 79745
1788648225.651622 0 0 1 1066 tbf 0 74307088 72644 0 79745
1788648225.674800 0 0 0 0 tbf 0 74307088 72644 0 79745
1788648225.697458 0 0 2 2132 tbf 0 74309220 72646 0 79745
1788648225.719504 0 0 2 2132 tbf 0 74311352 72648 0 79745
1788648225.742138 0 0 3 3198 tbf 0 74314550 72651 0 79745
1788648225.764928 0 0 1 1066 tbf 0 74315616 72652 0 79745
1788648225.789141 0 0 4 4264 tbf 0 74319880 72656 0 79745
1788648225.811142 0 0 2 2132 tbf 0 74322012 72658 0 79745
1788648225.833511 0 0 3 3198 tbf 0 74327342 72663 0 79746
1788648225.855491 0 0 5 5330 tbf 0 74330540 72666 0 79746
1788648225.878241 0 0 3 3198 tbf 0 74333738 72669 0 79746
1788648225.900676 0 0 1 1066 tbf 0 74334804 72670 0 79746
1788648225.923182 0 0 2 2132 tbf 0 74336936 72672 0 79746
1788648225.945083 0 0 4 4264 tbf 0 74342266 72677 0 79746
1788648225.967532 0 0 4 4264 tbf 0 74346530 72681 0 79746
1788648225.989763 0 0 3 3198 tbf 0 74348662 72683 0 79746
1788648226.013338 0 0 0 0 tbf 0 74348662 72683 0 79746
1788648226.036140 0 0 0 0 tbf 0 74348662 72683 0 79746
1788648226.058609 0 0 0 0 tbf 0 74348662 72683 0 79746
1788648226.081394 0 0 0 0 tbf 0 74348662 72683 0 79746
1788648226.104168 0 0 0 0 tbf 0 74348662 72683 0 79746
1788648226.126471 0 0 1 1066 tbf 0 74349728 72684 0 79746
1788648226.149200 0 0 4 4264 tbf 0 74353992 72688 0 79746
1788648226.171714 0 0 3 3198 tbf 0 74357190 72691 0 79746
1788648226.194124 0 0 3 3198 tbf 0 74360388 72694 0 79746
1788648226.216509 0 0 0 0 tbf 0 74360388 72694 0 79746
1788648226.239411 0 0 2 2132 tbf 0 74362520 72696 0 79746
1788648226.261553 0 0 4 4264 tbf 0 74367850 72701 0 79746
1788648226.285018 0 0 1 1066 tbf 0 74367850 72701 0 79746
1788648226.307454 0 0 1 1066 tbf 0 74368916 72702 0 79746
1788648226.330703 0 0 5 5330 tbf 0 74374246 72707 0 79746
1788648226.352715 0 0 0 0 tbf 0 74374246 72707 0 79746
1788648226.375262 0 0 3 3198 tbf 0 74377444 72710 0 79746
1788648226.398661 0 0 4 4264 tbf 0 74381708 72714 0 79746
1788648226.421061 0 0 3 3198 tbf 0 74384906 72717 0 79746
1788648226.443595 0 0 0 0 tbf 0 74384906 72717 0 79746
1788648226.466103 0 0 0 0 tbf 0 74384906 72717 0 79746
1788648226.489571 0 0 0 0 tbf 0 74384906 72717 0 79746
1788648226.512391 0 0 0 0 tbf 0 74384906 72717 0 79746
1788648226.535602 0 0 0 0 tbf 0 74384906 72717 0 79746
1788648226.558186 0 0 0 0 tbf 0 74384906 72717 0 79746
1788648226.581661 0 0 0 0 tbf 0 74384906 72717 0 79746
1788648226.604282 0 0 0 0 tbf 0 74384906 72717 0 79746
1788648226.626659 0 0 0 0 tbf 0 74384906 72717 0 79746
1788648226.649107 0 0 0 0 tbf 0 74384906 72717 0 79746
1788648226.671954 5 346 8 2564 tbf 0 74387470 72725 0 79746
1788648226.694015 0 0 4 4264 tbf 0 74391734 72729 0 79746
1788648226.716437 0 0 3 2198 tbf 0 74393932 72732 0 79746
1788648226.738662 0 0 0 0 tbf 0 74393932 72732 0 79746
1788648226.761356 0 0 0 0 tbf 0 74393932 72732 0 79746
1788648226.783573 0 0 0 0 tbf 0 74393932 72732 0 79746
1788648226.806818 0 0 0 0 tbf 0 74393932 72732 0 79746
1788648226.828815 0 0 40 42640 tbf 0 74441902 72777 0 79761
1788648226.853804 5 346 130 133616 tbf 0 74596912 72928 0 79856
1788648226.875956 4 280 220 229556 tbf 25584 74809338 73131 0 80266
1788648226.899017 0 0 246 261236 tbf 56498 75078036 73384 0 80989
1788648226.921239 2 141 248 260377 tbf 53459 75337347 73631 0 81665
1788648226.943639 3 205 252 265659 tbf 130052 75600874 73881 0 82406
1788648226.965716 0 0 233 248378 tbf 222794 75850318 74115 0 83123
1788648226.988562 0 0 238 253708 tbf 360374 76110422 74359 0 83893
1788648227.010559 0 0 257 272962 tbf 474370 76375922 74609 0 84662
1788648227.033115 0 0 248 264368 tbf 568178 76646686 74863 0 85431
1788648227.055071 0 0 253 269698 tbf 563914 76911054 75111 0 86123
1788648227.077373 0 0 253 269698 tbf 509548 77187148 75370 0 86813
1788648227.099374 0 0 262 279292 tbf 553254 77461110 75627 0 87549
1788648227.121828 0 0 250 266500 tbf 560716 77731874 75881 0 88258
1788648227.143903 0 0 260 277160 tbf 535132 78004770 76137 0 88951
1788648227.166443 0 0 254 270764 tbf 493558 78279798 76395 0 89628
1788648227.188440 0 0 256 272896 tbf 463710 78548430 76647 0 90318
1788648227.210794 0 0 250 266500 tbf 433862 78821326 76903 0 91015
1788648227.233017 0 0 270 287820 tbf 385892 79101684 77166 0 91708
1788648227.255366 0 0 252 268632 tbf 356044 79376712 77424 0 92406
1788648227.277327 0 0 257 273962 tbf 283556 79642146 77673 0 93054
1788648227.299776 0 0 244 260104 tbf 152438 79910778 77925 0 93679
1788648227.322062 0 0 223 237718 tbf 0 80129308 78130 0 94133
1788648227.344790 0 0 4 4264 tbf 0 80132506 78133 0 94133
1788648227.366636 0 0 10 10660 tbf 0 80143166 78143 0 94135
1788648227.390070 0 0 122 130052 tbf 0 80287076 78278 0 94199
1788648227.412457 0 0 129 137514 tbf 0 80413930 78397 0 94278
1788648227.435099 0 0 123 131118 tbf 0 80552510 78527 0 94348
1788648227.457311 0 0 122 130052 tbf 0 80678298 78645 0 94416
1788648227.479767 0 0 120 127920 tbf 0 80809416 78768 0 94487
1788648227.501695 0 0 126 134316 tbf 1066 80938402 78889 0 94547
1788648227.525017 0 0 118 125788 tbf 0 81069520 79012 0 94626
1788648227.547258 0 0 131 139646 tbf 0 81203836 79138 0 94716
1788648227.570093 0 0 117 124722 tbf 0 81331756 79258 0 94781
1788648227.592539 0 0 63 67158 tbf 0 81390386 79313 0 94802
1788648227.615871 0 0 1 1066 tbf 0 81392518 79315 0 94802
1788648227.637985 0 0 1 1066 tbf 0 81392518 79315 0 94802
1788648227.661365 0 0 5 5330 tbf 0 81397848 79320 0 94802
1788648227.683309 0 0 0 0 tbf 0 81397848 79320 0 94802
1788648227.705753 0 0 15 15990 tbf 0 81421300 79342 0 94813
1788648227.727984 0 0 117 124722 tbf 0 81550286 79463 0 94910
1788648227.750454 0 0 117 124722 tbf 0 81671810 79577 0 94969
1788648227.772422 0 0 126 134316 tbf 0 81806126 79703 0 95050
1788648227.794868 0 0 125 133250 tbf 2132 81940442 79829 0 95124
1788648227.816830 0 0 124 132184 tbf 0 82067296 79948 0 95190
1788648227.839488 0 0 159 169494 tbf 0 82251714 80121 0 95441
1788648227.861796 0 0 257 273962 tbf 10660 82522478 80375 0 96144
1788648227.884431 0 0 253 269698 tbf 47970 82796440 80632 0 96892
1788648227.907466 0 0 262 279292 tbf 147108 83069336 80888 0 97662
1788648227.930569 0 0 260 277160 tbf 280358 83345430 81147 0 98471
1788648227.954305 0 0 269 286754 tbf 373100 83633250 81417 0 99291
1788648227.977369 0 0 241 256906 tbf 420004 83892288 81660 0 99992
1788648227.999363 0 0 246 262236 tbf 402948 84153458 81905 0 100668
1788648228.021830 0 0 263 280358 tbf 368836 84432750 82167 0 101377
1788648228.043830 0 0 256 272896 tbf 341120 84706712 82424 0 102075
1788648228.068630 0 0 268 285688 tbf 308074 84998796 82698 0 102816
1788648228.091496 0 0 245 261170 tbf 271830 85247174 82931 0 103442
1788648228.114032 0 0 240 255840 tbf 222794 85509410 83177 0 104096
1788648228.136134 0 0 249 265434 tbf 192946 85774844 83426 0 104778
1788648228.158504 0 0 261 278226 tbf 155636 86052004 83686 0 105469
1788648228.180739 0 0 246 262236 tbf 100204 86318504 83936 0 106126
1788648228.203396 0 0 209 222794 tbf 1066 86530638 84135 0 106498
1788648228.226243 0 0 116 123656 tbf 0 86652162 84249 0 106557
1788648228.249051 0 0 123 131118 tbf 0 86786478 84375 0 106664
1788648228.271547 0 0 118 125788 tbf 0 86911200 84492 0 106731
1788648228.293652 0 0 128 136448 tbf 0 87047648 84620 0 106825
1788648228.316044 0 0 112 119392 tbf 0 87171304 84736 0 106899
1788648228.337996 0 0 124 132184 tbf 1066 87297092 84854 0 106949
1788648228.360315 0 0 122 130052 tbf 0 87427144 84976 0 107020
1788648228.382240 0 0 119 126854 tbf 0 87552932 85094 0 107087
1788648228.404828 0 0 115 122590 tbf 0 87678720 85212 0 107170
1788648228.426706 0 0 118 125788 tbf 0 87802376 85328 0 107227
1788648228.450496 0 0 118 125788 tbf 0 87942022 85459 0 107310
1788648228.472745 0 0 98 104468 tbf 0 88028368 85540 0 107340
1788648228.495154 0 0 4 4264 tbf 0 88031566 85543 0 107340
1788648228.517268 0 0 2 2132 tbf 0 88033698 85545 0 107340
1788648228.539921 0 0 3 3198 tbf 0 88036896 85548 0 107340
1788648228.562050 0 0 81 86346 tbf 0 88131770 85637 0 107373
1788648228.584289 0 0 124 132184 tbf 1066 88260756 85758 0 107467
1788648228.606209 0 0 121 128986 tbf 0 88388676 85878 0 107534
1788648228.629388 0 0 112 119392 tbf 2132 88516596 85998 0 107631
1788648228.651943 0 0 136 144976 tbf 0 88659440 86132 0 107758
1788648228.674206 0 0 121 128986 tbf 0 88785228 86250 0 107842
1788648228.696136 0 0 121 128986 tbf 0 88912082 86369 0 107900
1788648228.718451 0 0 118 125788 tbf 0 89037870 86487 0 107975
1788648228.740348 0 0 117 124722 tbf 0 89163658 86605 0 108031
1788648228.762637 0 0 117 124722 tbf 0 89290512 86724 0 108107
1788648228.784593 0 0 117 124722 tbf 0 89413102 86839 0 108187
1788648228.807311 0 0 125 133250 tbf 0 89550616 86968 0 108286
1788648228.829265 0 0 119 126854 tbf 0 89675338 87085 0 108364
1788648228.851873 0 0 118 125788 tbf 0 89803258 87205 0 108430
1788648228.874041 0 0 26 27716 tbf 0 89820314 87221 0 108432
1788648228.896872 0 0 0 0 tbf 0 89820314 87221 0 108432
1788648228.919088 0 0 5 5330 tbf 0 89825644 87226 0 108432
1788648228.941354 0 0 12 12792 tbf 0 89844832 87244 0 108442
1788648228.963248 0 0 116 123656 tbf 2132 89970620 87362 0 108502
1788648228.987708 0 0 126 134316 tbf 0 90118794 87501 0 108591
1788648229.009899 0 0 136 144976 tbf 0 90250978 87625 0 108687
1788648229.032751 0 0 122 130052 tbf 0 90381030 87747 0 108764
1788648229.054656 0 0 124 132184 tbf 0 90510016 87868 0 108868
1788648229.076930 0 0 123 131118 tbf 0 90641134 87991 0 108958
1788648229.098753 0 0 123 131118 tbf 0 90771186 88113 0 109047
1788648229.121121 0 0 116 123656 tbf 2132 90902304 88236 0 109126
1788648229.143010 0 0 124 132184 tbf 0 91028092 88354 0 109201
1788648229.165284 0 0 118 125788 tbf 0 91158144 88476 0 109271
1788648229.187151 0 0 120 127920 tbf 0 91282866 88593 0 109323
1788648229.209544 0 0 111 118326 tbf 2132 91406522 88709 0 109383
1788648229.231358 0 0 120 127920 tbf 4264 91530178 88825 0 109473
1788648229.253790 0 0 120 127920 tbf 0 91655966 88943 0 109562
1788648229.275608 0 0 118 125788 tbf 0 91783886 89063 0 109639
1788648229.299125 0 0 121 128986 tbf 0 91917136 89188 0 109708
1788648229.321379 0 0 113 120458 tbf 1066 92029066 89293 0 109756
1788648229.343813 0 0 120 126896 tbf 0 92160226 89417 0 109826
1788648229.365646 0 0 127 135382 tbf 0 92288146 89537 0 109875
1788648229.388060 0 0 114 121524 tbf 1066 92418198 89659 0 109962
1788648229.409948 0 0 119 126854 tbf 0 92542920 89776 0 110016
1788648229.432384 0 0 140 142072 tbf 0 92688744 89920 0 110124
1788648229.454247 0 0 124 128088 tbf 0 92807750 90035 0 110168
1788648229.476647 0 0 124 127064 tbf 0 92940144 90164 0 110238
1788648229.498505 0 0 134 136700 tbf 0 93074712 90296 0 110317
1788648229.521974 0 0 118 124764 tbf 0 93206938 90421 0 110374
1788648229.544208 0 0 123 131118 tbf 0 93331660 90538 0 110447
1788648229.566689 0 0 54 57564 tbf 0 93383894 90587 0 110462
1788648229.588886 0 0 6 6396 tbf 0 93389224 90592 0 110462
1788648229.611160 0 0 45 47970 tbf 2132 93445722 90645 0 110508
1788648229.632981 0 0 122 130052 tbf 0 93574708 90766 0 110576
1788648229.655253 0 0 117 124722 tbf 0 93699430 90883 0 110641
1788648229.677222 0 0 123 131118 tbf 0 93828416 91004 0 110706
1788648229.700382 0 0 125 133250 tbf 0 93965930 91133 0 110785
1788648229.722232 0 0 124 132184 tbf 0 94094916 91254 0 110847
1788648229.744599 0 0 110 117260 tbf 1066 94215374 91367 0 110924
1788648229.766417 0 0 126 134316 tbf 0 94345426 91489 0 111002
1788648229.788872 0 0 115 122590 tbf 0 94474412 91610 0 111079
1788648229.810886 0 0 114 121524 tbf 0 94588474 91717 0 111155
1788648229.834027 0 0 121 128986 tbf 0 94727054 91847 0 111245
1788648229.856031 0 0 130 138580 tbf 0 94857106 91969 0 111316
1788648229.878356 0 0 120 127920 tbf 1066 94992488 92096 0 111396
1788648229.900406 0 0 125 133250 tbf 2132 95123606 92219 0 111481
1788648229.922990 0 0 112 119392 tbf 0 95234470 92323 0 111531
1788648229.944932 0 0 51 54366 tbf 0 95294166 92379 0 111552
1788648229.967241 0 0 124 132184 tbf 0 95423152 92500 0 111604
1788648229.989130 0 0 120 127920 tbf 0 95548940 92618 0 111659
1788648230.011506 0 0 120 127920 tbf 0 95677926 92739 0 111721
1788648230.033408 0 0 115 122590 tbf 0 95802648 92856 0 111774
1788648230.056526 0 0 123 131118 tbf 0 95934832 92980 0 111847
1788648230.078433 0 0 116 123656 tbf 0 96061686 93099 0 111921
1788648230.100824 0 0 125 133250 tbf 0 96189606 93219 0 111969
1788648230.122741 0 0 115 122590 tbf 0 96317526 93339 0 112033
1788648230.145202 0 0 132 140712 tbf 0 96456106 93469 0 112096
1788648230.167040 0 0 117 124722 tbf 0 96578696 93584 0 112174
1788648230.189637 0 0 118 125788 tbf 0 96704484 93702 0 112249
1788648230.211466 0 0 116 123656 tbf 0 96828140 93818 0 112324
1788648230.233958 0 0 117 124722 tbf 0 96956060 93938 0 112419
1788648230.255867 0 0 116 123656 tbf 0 97081848 94056 0 112461
1788648230.278188 0 0 121 128986 tbf 0 97204438 94171 0 112573
1788648230.300702 0 0 117 122162 tbf 0 97332996 94294 0 112638
1788648230.322611 0 0 119 124806 tbf 0 97455670 94411 0 112712
1788648230.345222 0 0 76 75896 tbf 0 97524658 94481 0 112752
1788648230.367578 0 0 25 17946 tbf 0 97542604 94506 0 112753
1788648230.390029 0 0 16 12448 tbf 0 97554498 94521 0 112753
1788648230.412041 0 0 13 9250 tbf 0 97564302 94535 0 112754
1788648230.434380 0 0 17 11978 tbf 0 97574660 94550 0 112756
1788648230.456384 0 0 76 75384 tbf 0 97654862 94631 0 112797
1788648230.478662 0 0 129 129834 tbf 2132 97786274 94761 0 112868
1788648230.500655 0 0 126 130220 tbf 0 97918114 94889 0 112963
1788648230.522928 0 0 130 130900 tbf 0 98054344 95024 0 113051
1788648230.545055 0 0 130 134996 tbf 0 98182944 95148 0 113106
1788648230.569866 0 0 128 130816 tbf 0 98331882 95293 0 113177
1788648230.591720 0 0 135 142886 tbf 0 98457158 95411 0 113226
1788648230.614006 0 0 126 128172 tbf 0 98588528 95540 0 113283
1788648230.636831 0 0 131 132990 tbf 0 98718320 95668 0 113366
1788648230.659102 0 0 120 123824 tbf 0 98843210 95789 0 113454
1788648230.680959 0 0 126 130220 tbf 0 98975050 95917 0 113534
1788648230.703409 0 0 125 129154 tbf 1066 99103650 96041 0 113595
1788648230.725289 0 0 128 131840 tbf 0 99232292 96166 0 113657
1788648230.747741 0 0 104 107280 tbf 0 99335350 96267 0 113721
1788648230.769904 0 0 12 8184 tbf 0 99341360 96276 0 113721
1788648230.792610 0 0 10 10660 tbf 0 99355260 96290 0 113725
1788648230.814767 0 0 8 6480 tbf 0 99359566 96295 0 113725
1788648230.837505 0 0 11 10702 tbf 0 99369756 96306 0 113725
1788648230.859395 0 0 6 5884 tbf 0 99378284 96314 0 113726
1788648230.881846 0 0 114 121524 tbf 0 99506204 96434 0 113786
1788648230.904054 0 0 127 135382 tbf 0 99634124 96554 0 113851
1788648230.926410 0 0 107 114062 tbf 0 99755648 96668 0 113923
1788648230.948334 0 0 131 138110 tbf 1066 99889494 96795 0 114006
1788648230.970700 0 0 131 132478 tbf 0 100026790 96931 0 114078
1788648230.992653 0 0 139 139470 tbf 0 100162550 97067 0 114171
1788648231.014948 0 0 118 123228 tbf 0 100291066 97189 0 114248
1788648231.037350 0 0 120 127920 tbf 0 100417920 97308 0 114339
1788648231.059616 0 0 124 132184 tbf 0 100547972 97430 0 114418
1788648231.081530 0 0 128 135424 tbf 1066 100686082 97561 0 114525
1788648231.106288 0 0 130 133460 tbf 0 100828070 97699 0 114573
1788648231.128337 0 0 132 140200 tbf 0 100959188 97822 0 114659
1788648231.150773 0 0 44 44856 tbf 0 100994450 97857 0 114668
1788648231.172808 0 0 7 6950 tbf 0 101000334 97863 0 114669
1788648231.195174 0 0 110 112652 tbf 0 101119382 97979 0 114712
1788648231.217067 0 0 118 123228 tbf 0 101242610 98097 0 114760
1788648231.239263 0 0 124 132184 tbf 0 101377992 98224 0 114846
1788648231.261081 0 0 122 130052 tbf 0 101506978 98345 0 114925
1788648231.283474 0 0 119 124294 tbf 0 101633446 98467 0 114999
1788648231.305453 0 0 135 137766 tbf 0 101772236 98602 0 115117
1788648231.327857 0 0 120 125872 tbf 0 101895464 98720 0 115184
1788648231.349726 0 0 131 134014 tbf 0 102025726 98847 0 115263
1788648231.372246 0 0 120 127920 tbf 0 102160042 98973 0 115335
1788648231.394484 0 0 120 127920 tbf 0 102283698 99089 0 115388
1788648231.416925 0 0 114 120500 tbf 0 102406330 99205 0 115442
1788648231.438740 0 0 128 128256 tbf 0 102534074 99333 0 115529
1788648231.461122 0 0 129 132394 tbf 0 102667022 99463 0 115608
1788648231.483248 0 0 127 131798 tbf 0 102792382 99583 0 115683
1788648231.505606 0 0 122 128004 tbf 0 102925716 99710 0 115767
1788648231.527529 0 0 121 128986 tbf 0 103053636 99830 0 115805
1788648231.549916 0 0 116 120584 tbf 0 103173154 99945 0 115872
1788648231.571846 0 0 116 123656 tbf 0 103300008 100064 0 115960
1788648231.594276 0 0 124 130136 tbf 0 103430186 100189 0 116020
1788648231.616304 0 0 132 132008 tbf 1066 103558996 100318 0 116122
1788648231.640008 0 0 92 90904 tbf 0 103644570 100405 0 116170
1788648231.662356 0 0 11 6094 tbf 0 103649556 100414 0 116170
1788648231.685416 0 0 1 554 tbf 0 103650110 100415 0 116170
1788648231.707278 0 0 3 2686 tbf 0 103652796 100418 0 116170
1788648231.730715 0 0 1 1066 tbf 0 103653862 100419 0 116170
1788648231.752651 0 0 99 105534 tbf 1066 103762594 100521 0 116234
1788648231.774862 0 0 111 118326 tbf 0 103891580 100642 0 116298
1788648231.797028 0 0 119 126854 tbf 0 104013104 100756 0 116371
1788648231.819579 0 0 119 126854 tbf 0 104141024 100876 0 116414
1788648231.841513 0 0 122 130052 tbf 0 104271076 100998 0 116482
1788648231.863875 0 0 121 128986 tbf 0 104404326 101123 0 116546
1788648231.885795 0 0 128 133376 tbf 0 104528662 101243 0 116618
1788648231.908278 0 0 122 125444 tbf 0 104658924 101370 0 116685
1788648231.930194 0 0 132 132008 tbf 0 104785560 101496 0 116737
1788648231.952620 0 0 122 125444 tbf 1066 104920598 101627 0 116818
1788648231.974515 0 0 124 131160 tbf 554 105048602 101749 0 116868
1788648231.996871 0 0 119 121734 tbf 1066 105167096 101864 0 116957
1788648232.018729 0 0 210 223860 tbf 9594 105397352 102080 0 117451
1788648232.041142 0 0 261 278226 tbf 40508 105673446 102339 0 118202
1788648232.063427 0 0 238 253708 tbf 162032 105932484 102582 0 118970
1788648232.086049 0 0 250 266500 tbf 261170 106195786 102829 0 119727
1788648232.108040 0 0 236 251576 tbf 272896 106447362 103065 0 120386
1788648232.130521 0 0 252 268632 tbf 342186 106715994 103317 0 121132
1788648232.152765 0 0 235 250510 tbf 414674 106967570 103553 0 121816
1788648232.175828 0 0 254 270764 tbf 493558 107238334 103807 0 122580
1788648232.198108 0 0 240 255840 tbf 493558 107494174 104047 0 123254
1788648232.220569 0 0 262 279292 tbf 449340 107773466 104309 0 123952
1788648232.242519 0 0 239 254774 tbf 370666 108029306 104549 0 124582
1788648232.265116 0 0 263 279846 tbf 227822 108304888 104808 0 125222
1788648232.287086 0 0 242 252340 tbf 72488 108566822 105059 0 125808
1788648232.309524 0 0 200 213200 tbf 0 108764032 105244 0 126171
1788648232.332183 0 0 193 202154 tbf 6396 108981110 105451 0 126506
1788648232.354129 0 0 250 266500 tbf 52234 109241214 105695 0 127213
1788648232.376472 0 0 257 271402 tbf 117260 109517946 105957 0 127977
1788648232.399724 0 0 258 275028 tbf 186550 109790842 106213 0 128735
1788648232.422155 0 0 240 255840 tbf 245180 110049880 106456 0 129468
1788648232.444169 0 0 257 273962 tbf 307386 110313182 106703 0 130202
1788648232.466534 0 0 258 267348 tbf 300226 110589612 106970 0 130923
1788648232.488579 0 0 267 280526 tbf 259676 110868518 107235 0 131618
1788648232.511022 0 0 242 256436 tbf 223004 111128194 107481 0 132270
1788648232.532976 0 0 270 281164 tbf 80630 111402920 107744 0 132895
1788648232.555271 0 0 212 216264 tbf 0 111610656 107948 0 133271
1788648232.577524 0 0 224 235712 tbf 2132 111856004 108182 0 133703
1788648232.599892 0 0 237 243426 tbf 2132 112103694 108423 0 134248
1788648232.621839 0 0 228 233320 tbf 0 112324734 108639 0 134657
1788648232.644251 0 0 173 182882 tbf 0 112509748 108814 0 134933
1788648232.666196 0 0 118 119644 tbf 0 112621376 108924 0 135017
1788648232.690480 0 0 13 8226 tbf 0 112629644 108938 0 135017
1788648232.712620 0 0 15 8310 tbf 0 112636846 108951 0 135017
1788648232.735050 0 0 6 3324 tbf 0 112640170 108957 0 135017
1788648232.758179 0 0 7 3878 tbf 0 112644048 108964 0 135017
1788648232.780893 0 0 3 3198 tbf 0 112647317 108968 0 135017
1788648232.803539 0 0 7 3395 tbf 0 112650641 108974 0 135017
1788648232.826600 1 66 5 4818 tbf 0 112655459 108979 0 135017
1788648232.849658 0 0 3 3198 tbf 0 112658657 108982 0 135017
1788648232.872375 0 0 2 2132 tbf 0 112660789 108984 0 135017
1788648232.894298 0 0 3 3198 tbf 0 112663987 108987 0 135017
1788648232.917655 0 0 2 2132 tbf 0 112666119 108989 0 135017
1788648232.939799 0 0 44 46904 tbf 1066 112718353 109038 0 135042
1788648232.962105 0 0 120 127920 tbf 1066 112851603 109163 0 135109
1788648232.984097 0 0 177 188682 tbf 18122 113043483 109343 0 135434
1788648233.006544 0 0 249 265434 tbf 38376 113314247 109597 0 136159
1788648233.028508 0 0 259 276094 tbf 39442 113587143 109853 0 136875
1788648233.050774 0 0 175 186550 tbf 0 113765165 110020 0 137150
1788648233.072894 0 0 79 80630 tbf 0 113838887 110093 0 137201
1788648233.095554 0 0 21 11634 tbf 0 113850521 110114 0 137201
1788648233.117652 0 0 3 1662 tbf 0 113851629 110116 0 137201
1788648233.140269 0 0 13 7202 tbf 0 113859939 110131 0 137201
1788648233.162342 0 0 13 7202 tbf 0 113866587 110143 0 137201
1788648233.184955 0 0 4 3752 tbf 0 113878313 110154 0 137204
1788648233.207184 0 0 105 111930 tbf 0 113987045 110256 0 137245
1788648233.231453 0 0 100 106600 tbf 0 114105371 110367 0 137310
1788648233.253531 0 0 119 124294 tbf 0 114220071 110477 0 137361
1788648233.275992 0 0 120 120240 tbf 0 114341931 110599 0 137410
1788648233.297836 0 0 121 122330 tbf 0 114457311 110713 0 137458
1788648233.320349 0 0 113 113290 tbf 1066 114575419 110831 0 137513
1788648233.342331 0 0 111 116790 tbf 0 114687391 110937 0 137564
1788648233.364659 0 0 108 109496 tbf 1066 114804349 111052 0 137623
1788648233.386450 0 0 105 111930 tbf 0 114910949 111152 0 137668
1788648233.408880 0 0 110 117260 tbf 0 115033539 111267 0 137692
1788648233.430734 0 0 114 121524 tbf 0 115151865 111378 0 137735
1788648233.453140 0 0 98 104468 tbf 0 115259531 111479 0 137787
1788648233.475343 0 0 14 14924 tbf 0 115264861 111484 0 137787
1788648233.497813 0 0 3 3198 tbf 0 115268059 111487 0 137787
1788648233.520087 0 0 4 4264 tbf 0 115272323 111491 0 137787
1788648233.542605 0 0 6 6396 tbf 0 115278719 111497 0 137787
1788648233.564919 0 0 4 4264 tbf 0 115284049 111502 0 137787
1788648233.587478 0 0 1 1066 tbf 0 115284049 111502 0 137787
1788648233.609993 0 0 0 0 tbf 0 115284049 111502 0 137787
1788648233.632685 0 0 0 0 tbf 0 115284049 111502 0 137787
1788648233.656031 0 0 0 0 tbf 0 115284049 111502 0 137787
1788648233.678719 0 0 0 0 tbf 0 115284049 111502 0 137787
1788648233.701614 0 0 0 0 tbf 0 115284049 111502 0 137787
1788648233.724300 0 0 0 0 tbf 0 115284049 111502 0 137787
1788648233.747436 0 0 0 0 tbf 0 115284049 111502 0 137787
1788648233.773234 0 0 0 0 tbf 0 115284049 111502 0 137787
1788648233.795427 5 336 5 331 tbf 0 115284380 111507 0 137787
1788648233.817982 0 0 0 0 tbf 0 115284380 111507 0 137787
1788648233.840431 0 0 0 0 tbf 0 115284380 111507 0 137787
1788648233.862795 0 0 0 0 tbf 0 115284380 111507 0 137787
1788648233.885182 0 0 0 0 tbf 0 115284380 111507 0 137787
1788648233.907843 0 0 0 0 tbf 0 115284380 111507 0 137787
1788648233.930561 0 0 0 0 tbf 0 115284380 111507 0 137787
1788648233.953310 0 0 0 0 tbf 0 115284380 111507 0 137787
1788648233.975268 0 0 0 0 tbf 0 115284380 111507 0 137787
1788648233.997999 0 0 0 0 tbf 0 115284380 111507 0 137787
1788648234.020268 0 0 0 0 tbf 0 115284380 111507 0 137787
1788648234.042780 0 0 0 0 tbf 0 115284380 111507 0 137787
1788648234.065025 0 0 0 0 tbf 0 115284380 111507 0 137787
1788648234.087513 0 0 0 0 tbf 0 115284380 111507 0 137787
1788648234.109473 0 0 0 0 tbf 0 115284380 111507 0 137787
1788648234.132318 0 0 0 0 tbf 0 115284380 111507 0 137787
1788648234.154462 0 0 0 0 tbf 0 115284380 111507 0 137787
1788648234.177229 0 0 0 0 tbf 0 115284380 111507 0 137787
1788648234.199099 0 0 5 2770 tbf 0 115288258 111514 0 137787
1788648234.221576 0 0 15 8310 tbf 0 115296568 111529 0 137787
1788648234.243626 0 0 7 3878 tbf 0 115299338 111534 0 137787
1788648234.266358 0 0 0 0 tbf 0 115299892 111535 0 137787
1788648234.288701 0 0 15 8310 tbf 0 115308202 111550 0 137787
1788648234.312113 0 0 1 554 tbf 0 115308202 111550 0 137787
1788648234.334021 0 0 0 0 tbf 0 115308202 111550 0 137787
1788648234.356572 0 0 0 0 tbf 0 115308202 111550 0 137787
1788648234.378652 0 0 0 0 tbf 0 115308202 111550 0 137787
1788648234.401099 0 0 0 0 tbf 0 115308202 111550 0 137787
1788648234.423289 0 0 0 0 tbf 0 115308202 111550 0 137787
1788648234.446789 0 0 0 0 tbf 0 115308202 111550 0 137787
1788648234.469524 0 0 0 0 tbf 0 115308202 111550 0 137787
1788648234.492342 0 0 0 0 tbf 0 115308202 111550 0 137787
1788648234.514344 0 0 0 0 tbf 0 115308202 111550 0 137787
1788648234.537100 0 0 0 0 tbf 0 115308202 111550 0 137787
1788648234.559465 0 0 0 0 tbf 0 115308202 111550 0 137787
1788648234.582240 0 0 0 0 tbf 0 115308202 111550 0 137787
1788648234.604899 0 0 0 0 tbf 0 115308202 111550 0 137787
1788648234.627543 0 0 0 0 tbf 0 115308202 111550 0 137787
1788648234.649685 0 0 0 0 tbf 0 115308202 111550 0 137787
1788648234.672385 0 0 0 0 tbf 0 115308202 111550 0 137787
1788648234.694266 0 0 0 0 tbf 0 115308202 111550 0 137787
1788648234.717844 0 0 0 0 tbf 0 115308202 111550 0 137787
1788648234.739924 0 0 1 1066 tbf 0 115309268 111551 0 137787
1788648234.762555 0 0 3 3198 tbf 0 115312466 111554 0 137787
1788648234.785087 0 0 0 0 tbf 0 115312466 111554 0 137787
1788648234.807956 0 0 1 1066 tbf 0 115314598 111556 0 137787
1788648234.830243 0 0 5 5330 tbf 0 115318862 111560 0 137787
1788648234.854729 0 0 1 1066 tbf 0 115319928 111561 0 137787
1788648234.876844 0 0 0 0 tbf 0 115319928 111561 0 137787
1788648234.910165 0 0 3 3198 tbf 0 115323126 111564 0 137787
1788648234.933346 0 0 0 0 tbf 0 115323126 111564 0 137787
1788648234.955516 0 0 0 0 tbf 0 115323126 111564 0 137787
1788648234.978365 0 0 0 0 tbf 0 115323126 111564 0 137787
1788648235.000392 0 0 2 2132 tbf 0 115325258 111566 0 137787
1788648235.023625 0 0 5 5330 tbf 0 115330588 111571 0 137787
1788648235.045646 0 0 4 4264 tbf 0 115334852 111575 0 137787
1788648235.068861 0 0 5 5330 tbf 0 115340182 111580 0 137787
1788648235.091305 0 0 4 4264 tbf 0 115344446 111584 0 137787
1788648235.113650 0 0 0 0 tbf 0 115345512 111585 0 137787
1788648235.136441 0 0 7 7462 tbf 0 115352974 111592 0 137787
1788648235.158995 0 0 11 11726 tbf 0 115363634 111602 0 137788
1788648235.180999 0 0 6 6396 tbf 0 115371096 111609 0 137788
1788648235.203582 0 0 10 10660 tbf 0 115380690 111618 0 137789
1788648235.225786 0 0 4 4264 tbf 0 115384954 111622 0 137789
1788648235.248451 0 0 4 4264 tbf 0 115389218 111626 0 137789
1788648235.270638 0 0 6 6396 tbf 0 115395614 111632 0 137789
1788648235.292827 0 0 1 1066 tbf 0 115396680 111633 0 137789
1788648235.316000 0 0 7 7462 tbf 0 115405208 111641 0 137789
1788648235.338429 0 0 11 11726 tbf 0 115415868 111651 0 137790
1788648235.360845 0 0 8 8528 tbf 0 115425462 111660 0 137790
1788648235.382680 0 0 11 11726 tbf 0 115437188 111671 0 137791
1788648235.406239 0 0 9 9594 tbf 0 115445716 111679 0 137792
1788648235.428401 0 0 9 9594 tbf 0 115455310 111688 0 137792
1788648235.450810 0 0 3 3198 tbf 0 115458508 111691 0 137792
1788648235.473647 0 0 3 3198 tbf 0 115461706 111694 0 137792
1788648235.496338 0 0 7 7462 tbf 0 115469168 111701 0 137793
1788648235.518410 0 0 3 3198 tbf 0 115472366 111704 0 137793
1788648235.540855 0 0 15 11894 tbf 0 115484260 111719 0 137795
1788648235.562838 0 0 14 11852 tbf 0 115496112 111733 0 137795
1788648235.585174 0 0 6 6396 tbf 0 115502508 111739 0 137795
1788648235.607055 0 0 10 6564 tbf 0 115509072 111749 0 137795
1788648235.629364 0 0 19 13598 tbf 0 115522670 111768 0 137795
1788648235.651253 0 0 14 12364 tbf 0 115536100 111783 0 137796
1788648235.673669 0 0 23 16838 tbf 0 115551872 111805 0 137796
1788648235.695476 0 0 5 4818 tbf 0 115557244 111811 0 137796
1788648235.717930 0 0 14 8268 tbf 0 115564958 111824 0 137796
1788648235.740220 0 0 7 3878 tbf 0 115568836 111831 0 137796
1788648235.762624 0 0 6 3324 tbf 0 115572714 111838 0 137797
1788648235.785038 0 0 10 6564 tbf 0 115578724 111847 0 137798
1788648235.807721 0 0 3 2686 tbf 0 115581410 111850 0 137798
1788648235.830889 0 0 2 2132 tbf 0 115584608 111853 0 137798
1788648235.854287 0 0 2 2132 tbf 0 115586740 111855 0 137798
1788648235.876410 0 0 6 6396 tbf 0 115592070 111860 0 137798
1788648235.898804 0 0 74 78884 tbf 0 115682680 111945 0 137843
1788648235.921273 0 0 131 139646 tbf 0 115816996 112071 0 137919
1788648235.944871 0 0 132 140712 tbf 0 115966236 112211 0 138019
1788648235.966711 0 0 153 163098 tbf 0 116127202 112362 0 138162
1788648235.989116 0 0 239 254774 tbf 1066 116390504 112609 0 138767
1788648236.010943 0 0 250 266500 tbf 4264 116649542 112852 0 139349
1788648236.033221 0 0 258 275028 tbf 1066 116923504 113109 0 140043
1788648236.055361 0 0 255 271830 tbf 9594 117196400 113365 0 140760
1788648236.077919 0 0 251 267566 tbf 5330 117463966 113616 0 141465
1788648236.099958 0 0 233 248378 tbf 1066 117714476 113851 0 141997
1788648236.122297 0 0 246 262236 tbf 5330 117974580 114095 0 142608
1788648236.144238 0 0 236 251576 tbf 18122 118228288 114333 0 143265
1788648236.166906 0 0 257 273962 tbf 17056 118501184 114589 0 143964
1788648236.188963 0 0 225 239850 tbf 0 118728242 114802 0 144481
1788648236.211901 0 0 11 11726 tbf 0 118737836 114811 0 144482
1788648236.233926 0 0 6 6396 tbf 0 118744232 114817 0 144485
1788648236.257699 0 0 2 2132 tbf 0 118748496 114821 0 144486
1788648236.280104 0 0 9 9594 tbf 0 118757024 114829 0 144486
1788648236.302914 0 0 9 9594 tbf 0 118766618 114838 0 144486
1788648236.325216 0 0 4 4264 tbf 0 118769816 114841 0 144486
1788648236.347643 0 0 8 8528 tbf 0 118779410 114850 0 144486
1788648236.370342 0 0 7 7462 tbf 0 118787938 114858 0 144486
1788648236.392993 0 0 4 4264 tbf 0 118790070 114860 0 144486
1788648236.415828 0 0 6 6396 tbf 0 118796466 114866 0 144486
1788648236.438078 0 0 3 3198 tbf 0 118799664 114869 0 144486
1788648236.461424 0 0 1 1066 tbf 0 118800730 114870 0 144486
1788648236.483463 0 0 0 0 tbf 0 118800730 114870 0 144486
1788648236.505815 0 0 13 9250 tbf 0 118809980 114883 0 144486
1788648236.528026 0 0 19 12062 tbf 0 118822596 114903 0 144488
1788648236.551600 0 0 2 1620 tbf 0 118823662 114904 0 144488
1788648236.573494 0 0 2 1108 tbf 0 118824770 114906 0 144488
1788648236.596049 0 0 12 7672 tbf 0 118834616 114921 0 144490
1788648236.618129 0 0 13 9762 tbf 0 118842758 114932 0 144490
1788648236.640720 0 0 18 13556 tbf 0 118856314 114950 0 144490
1788648236.662618 0 0 15 10870 tbf 0 118867184 114965 0 144492
1788648236.685306 0 0 8 5968 tbf 0 118872598 114972 0 144492
1788648236.707491 0 0 9 6522 tbf 0 118880186 114982 0 144493
1788648236.729882 0 0 8 5968 tbf 0 118885088 114989 0 144493
1788648236.752222 0 0 10 5540 tbf 0 118891182 115000 0 144493
1788648236.774840 0 0 10 6564 tbf 0 118898300 115011 0 144495
1788648236.796906 0 0 7 4390 tbf 0 118902136 115017 0 144495
1788648236.819346 0 0 19 12062 tbf 0 118914752 115037 0 144497
1788648236.841687 0 0 8 7504 tbf 0 118921148 115043 0 144497
1788648236.864040 0 0 10 7076 tbf 0 118928224 115053 0 144497
1788648236.886047 0 0 1 1066 tbf 0 118929290 115054 0 144497
1788648236.908737 0 0 2 2132 tbf 0 118931422 115056 0 144497
1788648236.930701 0 0 0 0 tbf 0 118931422 115056 0 144497
1788648236.953367 0 0 5 3794 tbf 0 118936836 115063 0 144497
1788648236.975462 0 0 21 14194 tbf 0 118949410 115082 0 144499
1788648237.000469 0 0 9 6522 tbf 0 118956486 115092 0 144499
1788648237.022533 0 0 10 7076 tbf 0 118964074 115102 0 144500
1788648237.045003 0 0 4 4264 tbf 0 118968338 115106 0 144500
1788648237.066974 0 0 13 10274 tbf 0 118977546 115118 0 144501
1788648237.089528 0 0 14 10828 tbf 0 118989440 115133 0 144502
1788648237.112000 0 0 95 96662 tbf 0 119097316 115239 0 144553
1788648237.134932 0 0 133 137682 tbf 0 119233932 115371 0 144629
1788648237.157371 0 0 135 138278 tbf 0 119374342 115508 0 144762
1788648237.179866 0 0 114 120500 tbf 0 119490024 115617 0 144830
1788648237.202080 0 0 214 227612 tbf 29378 119719768 115833 0 145343
1788648237.224856 0 0 255 266198 tbf 45838 119997734 116100 0 146092
1788648237.246995 0 0 266 276900 tbf 68820 120267130 116358 0 146829
1788648237.270741 0 0 259 271998 tbf 90694 120545524 116623 0 147593
1788648237.293241 0 0 264 275792 tbf 95940 120812788 116879 0 148314
1788648237.315520 0 0 254 268716 tbf 36924 121080992 117133 0 148988
1788648237.337425 0 0 178 185652 tbf 0 121260760 117305 0 149252
1788648237.359637 0 0 132 140712 tbf 1066 121397208 117433 0 149355
1788648237.381650 0 0 123 131118 tbf 0 121532590 117560 0 149457
1788648237.403993 0 0 132 140712 tbf 0 121673302 117692 0 149528
1788648237.427523 0 0 126 134316 tbf 0 121821476 117831 0 149622
1788648237.450293 0 0 141 150306 tbf 2132 121958990 117960 0 149716
1788648237.472426 0 0 196 208936 tbf 6396 122175388 118163 0 150084
1788648237.494767 0 0 148 157768 tbf 0 122325694 118304 0 150250
1788648237.516878 0 0 96 102336 tbf 0 122420568 118393 0 150300
1788648237.539977 0 0 15 12918 tbf 0 122434594 118410 0 150304
1788648237.561958 0 0 22 16284 tbf 0 122449770 118430 0 150306
1788648237.584428 0 0 21 12658 tbf 0 122462982 118452 0 150307
1788648237.606523 0 0 11 7118 tbf 0 122469546 118462 0 150307
1788648237.629586 0 0 2 1620 tbf 0 122471166 118464 0 150307
1788648237.652079 0 0 14 9292 tbf 0 122482078 118480 0 150307
1788648237.673931 0 0 24 23024 tbf 0 122509878 118508 0 150309
1788648237.696395 0 0 110 115212 tbf 1066 122627222 118620 0 150351
1788648237.718543 0 0 106 112996 tbf 0 122740772 118727 0 150390
1788648237.740839 0 0 122 121860 tbf 0 122863698 118850 0 150468
1788648237.762774 0 0 119 121734 tbf 0 122986498 118970 0 150516
1788648237.785136 0 0 119 119686 tbf 0 123103498 119086 0 150548
1788648237.807047 0 0 117 121650 tbf 0 123223016 119201 0 150594
1788648237.829403 0 0 107 111502 tbf 0 123336650 119310 0 150633
1788648237.851360 0 0 111 118326 tbf 0 123450712 119417 0 150700
1788648237.873747 0 0 96 102336 tbf 0 123556246 119516 0 150738
1788648237.895590 0 0 110 115724 tbf 0 123668772 119623 0 150798
1788648237.918178 0 0 112 113760 tbf 0 123789994 119742 0 150876
1788648237.940165 0 0 113 115850 tbf 0 123901580 119851 0 150929
1788648237.962692 0 0 105 111930 tbf 0 124012444 119955 0 150998
1788648237.984805 0 0 97 103402 tbf 0 124112648 120049 0 151051
1788648238.007048 0 0 100 106600 tbf 0 124225644 120155 0 151104
1788648238.028956 0 0 109 116194 tbf 0 124337574 120260 0 151163
1788648238.053313 0 0 234 249444 tbf 10660 124625394 120530 0 151834
1788648238.075625 0 0 270 287820 tbf 34112 124884432 120773 0 152477
1788648238.098047 0 0 247 263302 tbf 56498 125149866 121022 0 153201
1788648238.120004 0 0 242 257972 tbf 73554 125405706 121262 0 153897
1788648238.142415 0 0 251 263982 tbf 115766 125673440 121517 0 154651
1788648238.166075 0 0 273 287946 tbf 52830 125967228 121795 0 155391
1788648238.188468 0 0 211 219294 tbf 0 126168400 121989 0 155713
1788648238.210782 0 0 134 139772 tbf 0 126311370 122126 0 155807
1788648238.233293 0 0 126 134316 tbf 0 126448884 122255 0 155909
1788648238.255256 0 0 28 26264 tbf 0 126462356 122271 0 155912
1788648238.277537 0 0 6 3324 tbf 0 126466234 122278 0 155912
1788648238.299562 0 0 16 8864 tbf 0 126474544 122293 0 155912
1788648238.322220 0 0 13 7202 tbf 0 126482300 122307 0 155912
1788648238.344325 0 0 7 3878 tbf 0 126485624 122313 0 155912
1788648238.366935 0 0 0 0 tbf 0 126486178 122314 0 155912
1788648238.389064 0 0 12 7672 tbf 0 126493296 122325 0 155912
1788648238.411689 0 0 8 5456 tbf 0 126498752 122333 0 155912
1788648238.433739 0 0 3 3198 tbf 0 126503016 122337 0 155912
1788648238.456265 0 0 5 5330 tbf 0 126508346 122342 0 155912
1788648238.478351 0 0 86 91676 tbf 0 126604286 122432 0 155945
1788648238.501827 0 0 101 107666 tbf 1066 126718348 122539 0 155981
1788648238.524280 0 0 119 126854 tbf 1066 126838806 122652 0 156019
1788648238.546622 0 0 108 115128 tbf 0 126956066 122762 0 156054
1788648238.568805 0 0 105 111930 tbf 0 127062666 122862 0 156115
1788648238.593251 0 0 103 109798 tbf 0 127186322 122978 0 156182
1788648238.615155 0 0 121 128986 tbf 0 127308912 123093 0 156270
1788648238.637752 0 0 111 116278 tbf 0 127425190 123204 0 156311
1788648238.659917 0 0 49 49162 tbf 0 127465312 123245 0 156334
1788648238.682290 0 0 16 11424 tbf 0 127476182 123260 0 156334
1788648238.704705 0 0 15 9334 tbf 0 127486070 123276 0 156334
1788648238.727169 0 0 12 9208 tbf 0 127495278 123288 0 156334
1788648238.749051 0 0 18 10996 tbf 0 127505720 123305 0 156334
1788648238.771496 0 0 5 2770 tbf 0 127508490 123310 0 156334
1788648238.793559 0 0 0 0 tbf 0 127508490 123310 0 156334
1788648238.816040 0 0 1 1066 tbf 0 127509556 123311 0 156334
1788648238.838074 0 0 6 6396 tbf 0 127515952 123317 0 156334
1788648238.860711 0 0 6 6396 tbf 0 127522902 123324 0 156334
1788648238.882846 0 0 16 11936 tbf 0 127535904 123341 0 156337
1788648238.905322 0 0 20 14152 tbf 0 127550056 123361 0 156341
1788648238.927202 0 0 22 15260 tbf 0 127564250 123382 0 156343
1788648238.949675 0 0 10 6564 tbf 0 127571326 123392 0 156343
1788648238.971707 0 0 4 2728 tbf 0 127574608 123397 0 156343
1788648238.993973 0 0 18 12532 tbf 0 127586628 123415 0 156343
1788648239.016205 0 0 13 11298 tbf 0 127597884 123427 0 156344
1788648239.038805 0 0 8 5968 tbf 0 127603340 123435 0 156344
1788648239.060892 0 0 5 2770 tbf 0 127605556 123439 0 156344
1788648239.083607 0 0 5 2770 tbf 0 127608326 123444 0 156344
1788648239.105694 0 0 4 3240 tbf 0 127612120 123449 0 156344
1788648239.129220 0 0 21 15218 tbf 0 127628404 123471 0 156345
1788648239.151297 0 0 11 9678 tbf 0 127637570 123482 0 156345
1788648239.174536 0 0 12 7672 tbf 0 127644134 123492 0 156346
1788648239.196686 0 0 3 2686 tbf 0 127646820 123495 0 156346
1788648239.219130 0 0 1 1066 tbf 0 127648952 123497 0 156346
1788648239.241453 0 0 5 5330 tbf 0 127653216 123501 0 156346
1788648239.264117 0 0 0 0 tbf 0 127653216 123501 0 156346
1788648239.286864 0 0 4 2216 tbf 0 127655432 123505 0 156346
1788648239.309675 0 0 10 5540 tbf 0 127661526 123516 0 156346
1788648239.331716 0 0 13 8226 tbf 0 127669198 123528 0 156346
1788648239.354273 0 0 4 3240 tbf 0 127673504 123533 0 156346
1788648239.376201 0 0 7 7462 tbf 0 127679900 123539 0 156346
1788648239.398734 0 0 3 3198 tbf 0 127683098 123542 0 156346
1788648239.420948 0 0 6 6396 tbf 0 127689494 123548 0 156346
1788648239.443424 0 0 4 4264 tbf 0 127694824 123553 0 156346
1788648239.465634 0 0 6 6396 tbf 0 127700154 123558 0 156346
1788648239.488088 0 0 3 3198 tbf 0 127703352 123561 0 156346
1788648239.509989 0 0 1 1066 tbf 0 127704418 123562 0 156346
1788648239.532634 0 0 15 11382 tbf 0 127717974 123580 0 156348
1788648239.554624 0 0 8 6480 tbf 0 127722280 123585 0 156349
1788648239.577249 0 0 7 7462 tbf 0 127729742 123592 0 156350
1788648239.599476 0 0 6 6396 tbf 0 127736138 123598 0 156350
1788648239.622327 0 0 8 8528 tbf 0 127745732 123607 0 156350
1788648239.644442 0 0 5 5330 tbf 0 127749996 123611 0 156350
1788648239.667872 0 0 11 9166 tbf 0 127759716 123623 0 156350
1788648239.689819 0 0 17 12490 tbf 0 127771652 123639 0 156351
1788648239.712521 0 0 6 5372 tbf 0 127779198 123648 0 156351
1788648239.734726 0 0 20 13128 tbf 0 127791218 123666 0 156352
1788648239.756727 0 0 7 7462 tbf 0 127797614 123672 0 156352
1788648239.779163 0 0 4 4264 tbf 0 127801878 123676 0 156352
1788648239.801547 0 0 2 2132 tbf 0 127804010 123678 0 156352
1788648239.824312 0 0 6 4348 tbf 0 127808912 123685 0 156352
1788648239.846419 0 0 12 6648 tbf 0 127815006 123696 0 156352
1788648239.868983 0 0 14 8780 tbf 0 127823786 123710 0 156352
1788648239.890891 0 0 9 7034 tbf 0 127831886 123720 0 156352
1788648239.913438 0 0 12 7672 tbf 0 127839558 123732 0 156352
1788648239.935590 0 0 8 5456 tbf 0 127843948 123739 0 156352
1788648239.958758 0 0 0 0 tbf 0 127843948 123739 0 156352
1788648239.981014 0 0 5 3794 tbf 0 127847742 123744 0 156352
1788648240.004449 0 0 0 0 tbf 0 127847742 123744 0 156352
1788648240.026436 0 0 0 0 tbf 0 127847742 123744 0 156352
1788648240.049902 0 0 0 0 tbf 0 127847742 123744 0 156352
1788648240.072185 0 0 0 0 tbf 0 127847742 123744 0 156352
1788648240.095541 0 0 0 0 tbf 0 127847742 123744 0 156352
1788648240.117643 0 0 2 2132 tbf 0 127849874 123746 0 156352
1788648240.140284 0 0 5 5330 tbf 0 127855204 123751 0 156352
1788648240.162641 0 0 7 5414 tbf 0 127861684 123759 0 156352
1788648240.188500 0 0 24 17904 tbf 0 127881804 123787 0 156353
1788648240.211013 0 0 24 16880 tbf 0 127895956 123807 0 156353
1788648240.233608 0 0 19 12574 tbf 0 127907976 123825 0 156354
1788648240.255546 0 0 15 9334 tbf 0 127917310 123840 0 156354
1788648240.278136 0 0 7 6950 tbf 0 127924260 123847 0 156354
1788648240.300125 0 0 12 12792 tbf 0 127938118 123860 0 156354
1788648240.322738 0 0 3 3198 tbf 0 127940250 123862 0 156354
1788648240.344745 0 0 0 0 tbf 0 127940250 123862 0 156354
1788648240.367972 0 0 4 2216 tbf 0 127942466 123866 0 156354
1788648240.390001 0 0 2 2132 tbf 0 127945664 123869 0 156354
1788648240.412523 0 0 16 10912 tbf 0 127956618 123886 0 156354
1788648240.434507 0 0 8 5456 tbf 0 127962032 123893 0 156354
1788648240.457027 0 0 9 5498 tbf 0 127967018 123902 0 156354
1788648240.478990 0 0 8 4432 tbf 0 127971962 123910 0 156354
1788648240.501728 0 0 5 5330 tbf 0 127976780 123915 0 156354
1788648240.523802 0 0 8 6480 tbf 0 127983772 123923 0 156354
1788648240.546386 0 0 10 6564 tbf 0 127989270 123932 0 156354
1788648240.568580 0 0 15 9334 tbf 0 127998604 123947 0 156354
1788648240.591575 0 0 14 9804 tbf 0 128008408 123961 0 156354
1788648240.613924 0 0 2 1108 tbf 0 128009516 123963 0 156354
1788648240.637367 0 0 8 4432 tbf 0 128015056 123973 0 156354
1788648240.659491 0 0 10 5540 tbf 0 128019488 123981 0 156354
1788648240.681965 0 0 16 9404 tbf 0 128028892 123997 0 156354
1788648240.704997 0 0 6 3836 tbf 0 128032728 124003 0 156354
1788648240.729149 0 0 0 0 tbf 0 128032728 124003 0 156354
1788648240.751123 0 0 16 13984 tbf 0 128046712 124019 0 156358
1788648240.773445 0 0 6 6396 tbf 0 128053108 124025 0 156358
1788648240.795388 0 0 12 9208 tbf 0 128062316 124037 0 156359
1788648240.817916 0 0 22 14236 tbf 0 128076552 124059 0 156360
1788648240.839967 0 0 14 8268 tbf 0 128084820 124073 0 156361
1788648240.862319 0 0 7 4902 tbf 0 128090788 124081 0 156361
1788648240.884382 0 0 8 8528 tbf 0 128098250 124088 0 156362
1788648240.906730 0 0 5 5330 tbf 0 128103580 124093 0 156362
1788648240.928632 0 0 15 9846 tbf 0 128113426 124108 0 156363
1788648240.951328 0 0 2 1620 tbf 0 128115046 124110 0 156363
1788648240.973374 0 0 5 2770 tbf 0 128118370 124116 0 156363
1788648240.996277 0 0 6 3324 tbf 0 128121140 124121 0 156363
1788648241.018147 0 0 7 3878 tbf 0 128126084 124129 0 156363
1788648241.041044 0 0 14 10828 tbf 0 128135846 124142 0 156365
1788648241.062872 0 0 3 2686 tbf 0 128139086 124146 0 156365
1788648241.085541 0 0 19 14110 tbf 0 128153708 124165 0 156368
1788648241.107661 0 0 13 9250 tbf 0 128163000 124179 0 156368
1788648241.130303 0 0 18 14068 tbf 0 128175960 124195 0 156368
1788648241.152351 0 0 11 10190 tbf 0 128187216 124207 0 156369
1788648241.174767 0 0 12 10232 tbf 0 128196382 124218 0 156370
1788648241.196838 0 0 73 72186 tbf 2132 128281360 124303 0 156476
1788648241.219195 0 0 225 239850 tbf 14924 128527606 124534 0 157015
1788648241.241388 0 0 234 249444 tbf 2132 128771720 124763 0 157519
1788648241.265056 0 0 258 275028 tbf 11726 129060606 125034 0 158250
1788648241.286991 0 0 260 277160 tbf 2132 129324974 125282 0 158902
1788648241.309592 0 0 248 264368 tbf 9594 129594672 125535 0 159562
1788648241.331511 0 0 258 275028 tbf 5330 129866502 125790 0 160275
1788648241.353967 0 0 254 270764 tbf 13858 130133002 126040 0 160990
1788648241.376354 0 0 217 231322 tbf 2132 130364324 126257 0 161450
1788648241.399285 0 0 225 239850 tbf 9594 130605240 126483 0 161898
1788648241.421386 0 0 232 247312 tbf 1066 130850420 126713 0 162449
1788648241.444237 0 0 141 150306 tbf 0 130999660 126853 0 162545
1788648241.466085 0 0 127 135382 tbf 0 131131844 126977 0 162616
1788648241.488540 0 0 138 147108 tbf 0 131281084 127117 0 162776
1788648241.510485 0 0 122 130052 tbf 1066 131410070 127238 0 162877
1788648241.532921 0 0 139 148174 tbf 0 131553980 127373 0 162991
1788648241.555099 0 0 23 24518 tbf 0 131574234 127392 0 162999
1788648241.578010 0 0 6 6396 tbf 0 131581696 127399 0 162999
1788648241.600496 0 0 5 5330 tbf 0 131585960 127403 0 162999
1788648241.622948 0 0 2 2132 tbf 0 131588092 127405 0 162999
1788648241.645555 0 0 0 0 tbf 0 131588092 127405 0 162999
1788648241.668493 0 0 0 0 tbf 0 131588092 127405 0 162999
1788648241.691381 0 0 2 2132 tbf 0 131590224 127407 0 162999
1788648241.714402 0 0 2 2132 tbf 0 131592356 127409 0 162999
1788648241.737567 0 0 4 4264 tbf 0 131596620 127413 0 162999
1788648241.759588 0 0 4 4264 tbf 0 131600884 127417 0 162999
1788648241.782893 0 0 3 3198 tbf 0 131604082 127420 0 162999
1788648241.805064 0 0 3 3198 tbf 0 131607280 127423 0 162999
1788648241.827574 0 0 3 3198 tbf 0 131610478 127426 0 162999
1788648241.850413 0 0 0 0 tbf 0 131610478 127426 0 162999
1788648241.873087 0 0 111 118326 tbf 3198 131746926 127554 0 163137
1788648241.894965 0 0 215 229190 tbf 5330 131970786 127764 0 163612
1788648241.917441 0 0 225 239850 tbf 1066 132214900 127993 0 164154
1788648241.939356 0 0 245 261170 tbf 3198 132471806 128234 0 164718
1788648241.961754 0 0 242 257972 tbf 7462 132736174 128482 0 165313
1788648241.983890 0 0 249 265434 tbf 8528 132996278 128726 0 165930
1788648242.006296 0 0 240 255840 tbf 5330 133255316 128969 0 166533
1788648242.028292 0 0 254 270764 tbf 6396 133523948 129221 0 167234
1788648242.051442 0 0 243 259038 tbf 1066 133787250 129468 0 167873
1788648242.073440 0 0 251 267566 tbf 3198 134049486 129714 0 168525
1788648242.096080 0 0 254 270764 tbf 7462 134326646 129974 0 169246
1788648242.118405 0 0 250 266500 tbf 13858 134587816 130219 0 169929
1788648242.140820 0 0 242 257972 tbf 8528 134850052 130465 0 170601
1788648242.164199 0 0 251 262958 tbf 7462 135106102 130710 0 171211
1788648242.186658 0 0 227 236862 tbf 0 135342964 130937 0 171668
1788648242.208816 0 0 246 256604 tbf 4264 135603278 131186 0 172304
1788648242.231772 0 0 258 270420 tbf 10660 135876384 131447 0 172977
1788648242.253764 0 0 235 243854 tbf 0 136104760 131667 0 173484
1788648242.276169 0 0 26 23108 tbf 0 136125224 131691 0 173487
1788648242.299121 0 0 14 8780 tbf 0 136134004 131705 0 173488
1788648242.325366 0 0 110 110604 tbf 0 136277100 131845 0 173582
1788648242.347250 0 0 156 162200 tbf 0 136414270 131978 0 173666
1788648242.369805 0 0 137 142458 tbf 0 136557794 132116 0 173766
1788648242.391761 0 0 148 149064 tbf 0 136705238 132262 0 173882
1788648242.414091 0 0 136 138832 tbf 0 136848334 132402 0 174017
1788648242.436353 0 0 146 149492 tbf 0 136993562 132544 0 174118
1788648242.459061 0 0 150 154268 tbf 4818 137145740 132693 0 174245
1788648242.481206 0 0 145 146378 tbf 0 137298514 132844 0 174379
1788648242.504219 0 0 254 264620 tbf 26180 137575884 133109 0 175089
1788648242.526159 0 0 257 268330 tbf 91248 137834620 133357 0 175816
1788648242.548666 0 0 253 264066 tbf 212730 138105082 133616 0 176612
1788648242.570772 0 0 246 259676 tbf 321588 138359982 133858 0 177357
1788648242.593294 0 0 251 263470 tbf 452664 138628782 134114 0 178159
1788648242.615232 0 0 251 266542 tbf 571200 138887862 134358 0 178929
1788648242.637699 0 0 258 270932 tbf 654222 139164678 134622 0 179705
1788648242.659627 0 0 259 270974 tbf 664412 139428148 134873 0 180414
1788648242.682109 0 0 238 253708 tbf 646668 139690384 135119 0 181083
1788648242.704235 0 0 261 275666 tbf 657966 139959654 135374 0 181805
1788648242.726607 0 0 263 271142 tbf 642790 140236168 135643 0 182532
1788648242.748675 0 0 264 275280 tbf 498452 140507184 135903 0 183157
1788648242.771182 0 0 267 279502 tbf 223466 140793594 136176 0 183709
1788648242.793099 0 0 259 255614 tbf 0 141027334 136414 0 184167
1788648242.815714 0 0 17 13514 tbf 0 141039782 136430 0 184168
1788648242.838093 0 0 2 2132 tbf 0 141041914 136432 0 184168
1788648242.861911 0 0 1 1066 tbf 0 141042980 136433 0 184168
1788648242.883717 0 0 5 5330 tbf 0 141048310 136438 0 184168
1788648242.906103 0 0 2 2132 tbf 0 141050442 136440 0 184168
1788648242.928421 0 0 1 1066 tbf 0 141051508 136441 0 184168
1788648242.950885 0 0 2 2132 tbf 0 141053640 136443 0 184168
1788648242.972920 0 0 0 0 tbf 0 141053640 136443 0 184168
1788648242.995200 0 0 9 5498 tbf 0 141059138 136452 0 184168
1788648243.017278 0 0 16 9376 tbf 0 141069068 136469 0 184168
1788648243.040166 0 0 4 2728 tbf 0 141072308 136473 0 184168
1788648243.062128 0 0 12 8696 tbf 0 141079938 136484 0 184168
1788648243.084696 0 0 48 48096 tbf 0 141133364 136537 0 184184
1788648243.106807 0 0 100 106600 tbf 0 141243162 136640 0 184245
1788648243.129310 0 0 106 112996 tbf 0 141356158 136746 0 184273
1788648243.151177 0 0 113 120458 tbf 0 141473418 136856 0 184311
1788648243.173745 0 0 204 216952 tbf 10660 141707426 137076 0 184828
1788648243.196712 0 0 269 282146 tbf 14924 141980532 137337 0 185556
1788648243.219812 0 0 204 214392 tbf 5330 142206096 137551 0 186002
1788648243.241859 0 0 230 245180 tbf 22386 142441682 137772 0 186571
1788648243.264649 0 0 243 259038 tbf 43706 142707116 138021 0 187282
1788648243.287115 0 0 256 272896 tbf 65026 142975748 138273 0 187994
1788648243.309792 0 0 255 271830 tbf 85280 143245446 138526 0 188708
1788648243.331841 0 0 249 265434 tbf 112996 143510880 138775 0 189431
1788648243.354338 0 0 258 275028 tbf 83148 143784842 139032 0 190132
1788648243.376311 0 0 219 233454 tbf 0 144011900 139245 0 190618
1788648243.399967 0 0 140 149240 tbf 0 144155810 139380 0 190708
1788648243.422230 0 0 122 130052 tbf 0 144290126 139506 0 190777
1788648243.444847 0 0 108 115128 tbf 0 144398858 139608 0 190821
1788648243.467017 0 0 4 4264 tbf 0 144403122 139612 0 190821
1788648243.489547 0 0 3 3198 tbf 0 144406320 139615 0 190821
1788648243.511769 0 0 1 1066 tbf 0 144407386 139616 0 190821
1788648243.534202 0 0 0 0 tbf 0 144407386 139616 0 190821
1788648243.556596 0 0 0 0 tbf 0 144407386 139616 0 190821
1788648243.579093 0 0 3 3198 tbf 0 144412716 139621 0 190821
1788648243.602615 0 0 3 3198 tbf 0 144413782 139622 0 190821
1788648243.624810 0 0 1 1066 tbf 0 144414848 139623 0 190821
1788648243.648196 0 0 3 3198 tbf 0 144421244 139629 0 190822
1788648243.670496 0 0 107 110478 tbf 0 144533342 139738 0 190877
1788648243.692949 0 0 107 113550 tbf 0 144651668 139849 0 190927
1788648243.714884 0 0 116 118536 tbf 1066 144765940 139961 0 190999
1788648243.737643 0 0 104 106256 tbf 0 144867420 140061 0 191040
1788648243.759760 0 0 7 4902 tbf 0 144872876 140069 0 191040
1788648243.783365 0 0 4 2728 tbf 0 144874496 140071 0 191040
1788648243.805407 0 0 7 6438 tbf 0 144881488 140079 0 191041
1788648243.828120 0 0 14 8780 tbf 0 144889714 140092 0 191042
1788648243.850221 0 0 9 5498 tbf 0 144895766 140102 0 191042
1788648243.872950 0 0 7 5926 tbf 0 144901692 140109 0 191042
1788648243.895020 0 0 14 8268 tbf 0 144909406 140122 0 191042
1788648243.919121 0 0 13 9250 tbf 0 144920276 140137 0 191043
1788648243.941152 0 0 8 6000 tbf 0 144925210 140144 0 191043
1788648243.964033 10 700 36 26424 tbf 0 144961361 140191 0 191050
1788648243.986222 3 206 130 129000 tbf 0 145087542 140316 0 191109
1788648244.008554 0 0 127 126214 tbf 0 145215376 140445 0 191199
1788648244.030375 0 0 126 131268 tbf 0 145348222 140572 0 191291
1788648244.052829 0 0 117 123698 tbf 0 145470896 140689 0 191364
1788648244.074795 0 0 129 130346 tbf 1066 145595870 140812 0 191450
1788648244.097069 0 0 126 127148 tbf 0 145728348 140943 0 191522
1788648244.118923 0 0 122 128516 tbf 0 145853154 141062 0 191578
1788648244.141427 0 0 119 122246 tbf 0 145981242 141186 0 191632
1788648244.163299 0 0 122 126980 tbf 0 146102892 141303 0 191700
1788648244.185746 0 0 122 124932 tbf 0 146231022 141428 0 191782
1788648244.207754 0 0 120 124848 tbf 0 146355912 141549 0 191833
1788648244.230198 0 0 129 131370 tbf 0 146482464 141673 0 191901
1788648244.252846 0 0 118 122204 tbf 0 146611576 141797 0 191970
1788648244.275616 0 0 113 120458 tbf 0 146730968 141909 0 192033
1788648244.297802 0 0 116 123656 tbf 0 146847162 142018 0 192102
1788648244.320501 0 0 118 125788 tbf 0 146980412 142143 0 192190
1788648244.342478 0 0 125 130178 tbf 0 147109524 142267 0 192253
1788648244.365043 0 0 126 128172 tbf 0 147237696 142393 0 192323
1788648244.386920 0 0 123 130094 tbf 1066 147364592 142513 0 192405
1788648244.409600 0 0 91 97006 tbf 0 147455202 142598 0 192448
1788648244.431702 0 0 0 0 tbf 0 147455202 142598 0 192448
1788648244.456337 0 0 0 0 tbf 0 147455202 142598 0 192448
1788648244.478385 0 0 1 554 tbf 0 147455756 142599 0 192448
1788648244.512763 0 0 0 0 tbf 0 147480274 142622 0 192459
1788648244.534623 0 0 128 136448 tbf 0 147598600 142733 0 192553
1788648244.556889 0 0 123 131118 tbf 0 147732916 142859 0 192639
1788648244.578790 0 0 123 128046 tbf 0 147858830 142980 0 192682
1788648244.601076 0 0 127 131286 tbf 0 147984786 143102 0 192760
1788648244.623457 0 0 131 130942 tbf 0 148122166 143240 0 192887
1788648244.645387 0 0 138 139940 tbf 0 148262064 143377 0 192984
1788648244.668049 0 0 127 130774 tbf 3198 148394458 143506 0 193052
1788648244.690114 4 280 131 130586 tbf 0 148521292 143633 0 193123
1788648244.712439 0 0 120 125360 tbf 0 148647718 143754 0 193201
1788648244.734263 0 0 132 134592 tbf 0 148780732 143885 0 193298
1788648244.756806 0 0 130 134484 tbf 0 148913666 144014 0 193411
1788648244.778711 1 70 125 129694 tbf 0 149045976 144141 0 193469
1788648244.801194 0 0 128 132352 tbf 0 149182592 144273 0 193545
1788648244.823060 0 0 138 137892 tbf 0 149318864 144409 0 193662
1788648244.845390 0 0 123 128558 tbf 0 149448530 144534 0 193734
1788648244.867332 0 0 138 137892 tbf 0 149578918 144664 0 193787
1788648244.890212 6 420 88 80172 tbf 0 149663487 144758 0 193841
1788648244.912973 4 280 185 183615 tbf 0 149850167 144944 0 194173
1788648244.936451 4 272 223 233209 tbf 4264 150094036 145177 0 194609
1788648244.958348 0 0 223 236718 tbf 4264 150323292 145393 0 195031
1788648244.980757 0 0 228 238976 tbf 0 150565466 145624 0 195508
1788648245.002627 0 0 238 249612 tbf 1066 150810814 145858 0 195976
1788648245.026123 0 0 232 245264 tbf 9594 151056078 146090 0 196419
1788648245.048145 0 0 219 233454 tbf 2132 151289532 146309 0 196779
1788648245.070515 0 0 225 239850 tbf 0 151524052 146529 0 197246
1788648245.092718 0 0 224 237760 tbf 0 151766630 146758 0 197768
1788648245.115081 0 0 217 230810 tbf 4264 151999018 146976 0 198203
1788648245.137016 0 0 232 243728 tbf 2132 152240614 147206 0 198673
1788648245.159392 0 0 230 241084 tbf 0 152482252 147437 0 199078
1788648245.181712 0 0 230 239548 tbf 4818 152720180 147665 0 199595
1788648245.204259 0 0 235 249486 tbf 2132 152969154 147900 0 200109
1788648245.226369 0 0 230 238524 tbf 0 153211388 148133 0 200550
1788648245.248890 0 0 223 237718 tbf 0 153445908 148353 0 200940
1788648245.270882 0 0 234 249444 tbf 2132 153701748 148593 0 201389
1788648245.293289 0 0 221 235586 tbf 0 153930938 148808 0 201789
1788648245.316021 0 0 197 210002 tbf 0 154145204 149009 0 202130
1788648245.338182 0 0 124 130136 tbf 3198 154264680 149123 0 202201
1788648245.360522 0 0 120 122288 tbf 2132 154390166 149246 0 202260
1788648245.382561 0 0 127 131798 tbf 1066 154526228 149377 0 202391
1788648245.405227 0 0 231 241126 tbf 0 154771660 149613 0 202820
1788648245.427077 0 0 237 244450 tbf 0 155012870 149846 0 203366
1788648245.449589 0 0 230 240060 tbf 0 155254550 150078 0 203787
1788648245.471522 0 0 186 194180 tbf 0 155439648 150255 0 204030
1788648245.493793 0 0 121 128986 tbf 0 155572898 150380 0 204118
1788648245.515697 0 0 192 204672 tbf 1066 155782900 150577 0 204493
1788648245.539391 0 0 219 228846 tbf 3198 156030934 150814 0 204960
1788648245.561349 0 0 241 255370 tbf 0 156266050 151036 0 205329
1788648245.583716 0 0 232 238608 tbf 7462 156511054 151274 0 205806
1788648245.605633 0 0 240 253280 tbf 0 156755806 151506 0 206291
1788648245.627998 0 0 227 238910 tbf 0 156995270 151734 0 206685
1788648245.649971 0 0 219 230382 tbf 1066 157226206 151954 0 207076
1788648245.672779 0 0 243 253406 tbf 0 157484900 152201 0 207551
1788648245.694606 0 0 233 246842 tbf 1066 157726454 152430 0 207960
1788648245.717125 0 0 222 231532 tbf 3198 157965406 152658 0 208472
1788648245.739060 0 0 225 238826 tbf 0 158192506 152872 0 208805
1788648245.761401 0 0 224 233152 tbf 7462 158435252 153105 0 209298
1788648245.783412 0 0 225 234730 tbf 5330 158667850 153328 0 209737
1788648245.805914 0 0 234 242276 tbf 3198 158911192 153563 0 210240
1788648245.827860 0 0 224 229568 tbf 1066 159137562 153784 0 210640
1788648245.850288 0 0 223 233622 tbf 0 159370118 154006 0 211062
1788648245.872336 0 0 225 232682 tbf 4264 159602842 154232 0 211468
1788648245.894726 0 0 227 237886 tbf 0 159847636 154465 0 211923
1788648245.916728 0 0 147 154654 tbf 0 159990010 154600 0 212041
1788648245.939310 0 0 95 92054 tbf 0 160075156 154689 0 212084
1788648245.961257 0 0 12 8696 tbf 0 160083298 154700 0 212087
1788648245.983795 0 0 5 3282 tbf 0 160087688 154707 0 212087
1788648246.005712 0 0 8 4432 tbf 0 160091566 154714 0 212087
1788648246.028075 0 0 7 3878 tbf 0 160096510 154722 0 212087
1788648246.049927 0 0 119 118150 tbf 0 160218370 154844 0 212144
1788648246.073801 0 0 153 156954 tbf 1620 160398306 155020 0 212335
1788648246.095803 0 0 236 244920 tbf 7462 160628260 155241 0 212698
1788648246.118161 0 0 228 240488 tbf 3198 160874590 155474 0 213184
1788648246.140772 0 0 251 262958 tbf 1066 161130682 155720 0 213684
1788648246.163092 0 0 215 220998 tbf 6396 161358546 155940 0 214100
1788648246.184937 0 0 227 237374 tbf 3198 161590590 156162 0 214602
1788648246.207295 0 0 225 234730 tbf 0 161828518 156390 0 215075
1788648246.229311 0 0 225 236778 tbf 3198 162061032 156611 0 215485
1788648246.251610 0 0 215 229190 tbf 0 162296618 156832 0 215901
1788648246.273942 0 0 210 221300 tbf 4264 162515786 157040 0 216292
1788648246.296702 0 0 236 247480 tbf 0 162761688 157275 0 216743
1788648246.318656 0 0 215 225606 tbf 2132 162986740 157489 0 217174
1788648246.341499 0 0 218 228804 tbf 5330 163220874 157712 0 217614
1788648246.363905 0 0 210 220276 tbf 6950 163428912 157911 0 217937
1788648246.386718 0 0 205 212386 tbf 1066 163651404 158125 0 218333
1788648246.408913 0 0 229 244114 tbf 0 163890188 158349 0 218792
1788648246.431449 0 0 236 251576 tbf 17056 164148160 158591 0 219356
1788648246.453477 0 0 254 270764 tbf 77818 164413594 158840 0 220102
1788648246.476126 0 0 243 259038 tbf 138580 164681160 159091 0 220819
1788648246.498029 0 0 261 278226 tbf 106600 164950858 159344 0 221515
1788648246.520523 0 0 247 263302 tbf 159900 165220556 159597 0 222258
1788648246.542809 0 0 263 280358 tbf 166296 165495584 159855 0 222969
1788648246.565886 0 0 253 269698 tbf 278226 165774876 160117 0 223776
1788648246.587984 0 0 254 270764 tbf 402948 166034980 160361 0 224546
1788648246.611146 0 0 229 244114 tbf 545792 166297216 160607 0 225331
1788648246.633349 0 0 267 284622 tbf 686504 166565848 160859 0 226128
1788648246.655844 0 0 252 268632 tbf 718484 166838744 161115 0 226952
1788648246.677728 0 0 249 265434 tbf 719550 167097782 161358 0 227747
1788648246.700282 0 0 250 266500 tbf 718484 167370678 161614 0 228595
1788648246.722177 0 0 256 272896 tbf 717418 167637178 161864 0 229396
1788648246.744532 0 0 239 254774 tbf 717418 167893018 162104 0 230164
1788648246.766528 0 0 246 262236 tbf 718484 168154188 162349 0 230900
1788648246.788890 0 0 257 273962 tbf 719550 168428150 162606 0 231652
1788648246.810806 0 0 250 266500 tbf 685438 168694650 162856 0 232326
1788648246.833730 0 0 259 276094 tbf 634270 168975008 163119 0 233017
1788648246.855834 0 0 250 266500 tbf 591630 169239376 163367 0 233687
1788648246.878310 0 0 247 263302 tbf 542594 169500546 163612 0 234322
1788648246.900358 0 0 255 271830 tbf 389090 169773442 163868 0 234931
1788648246.922757 0 0 268 285688 tbf 205738 170056998 164134 0 235554
1788648246.946458 0 0 262 279292 tbf 43706 170349082 164408 0 236211
1788648246.969667 0 0 103 109798 tbf 0 170433296 164487 0 236366
1788648246.991487 0 0 106 112996 tbf 0 170551622 164598 0 236413
1788648247.013889 0 0 117 124722 tbf 2132 170679542 164718 0 236490
1788648247.036493 0 0 209 222794 tbf 0 170907666 164932 0 236853
1788648247.058424 0 0 219 233454 tbf 0 171140054 165150 0 237255
1788648247.080736 0 0 221 235586 tbf 1066 171383102 165378 0 237685
1788648247.103393 0 0 229 244114 tbf 0 171624018 165604 0 238089
1788648247.127223 0 0 212 225992 tbf 0 171856406 165822 0 238446
1788648247.149297 0 0 157 167362 tbf 7462 172013108 165969 0 238687
1788648247.171592 0 0 226 240916 tbf 3198 172260420 166201 0 239126
1788648247.193781 0 0 222 236652 tbf 0 172491742 166418 0 239546
1788648247.216701 0 0 230 245180 tbf 0 172736922 166648 0 239974
1788648247.238839 0 0 235 250510 tbf 0 172982102 166878 0 240468
1788648247.261158 0 0 228 243048 tbf 65026 173234744 167115 0 241107
1788648247.283183 0 0 241 256906 tbf 236652 173486320 167351 0 241886
1788648247.305576 0 0 243 259038 tbf 399750 173749622 167598 0 242692
1788648247.327490 0 0 249 265434 tbf 493558 174010792 167843 0 243422
1788648247.349834 0 0 247 263302 tbf 591630 174280490 168096 0 244200
1788648247.371799 0 0 255 271830 tbf 684372 174548056 168347 0 244969
1788648247.394403 0 0 248 264368 tbf 714220 174815622 168598 0 245745
1788648247.416896 0 0 245 261170 tbf 719550 175073594 168840 0 246475
1788648247.439125 0 0 252 268632 tbf 717418 175345424 169095 0 247346
1788648247.461217 0 0 265 282490 tbf 717418 175623650 169356 0 248215
1788648247.483809 0 0 253 269698 tbf 719550 175897612 169613 0 249044
1788648247.505642 0 0 253 269698 tbf 717418 176164112 169863 0 249851
1788648247.528013 0 0 243 259038 tbf 719550 176427414 170110 0 250687
1788648247.549894 0 0 261 278226 tbf 719550 176701376 170367 0 251543
1788648247.572205 0 0 251 267566 tbf 717418 176973206 170622 0 252398
1788648247.594089 0 0 261 278226 tbf 654608 177247168 170879 0 253078
1788648247.616410 0 0 265 282490 tbf 414028 177534988 171149 0 253664
1788648247.638198 0 0 271 288886 tbf 153496 177816412 171413 0 254213
1788648247.662335 0 0 266 270756 tbf 126384 178115950 171706 0 254983
1788648247.685090 0 0 280 296944 tbf 228846 178388376 171963 0 255785
1788648247.707504 0 0 264 276304 tbf 311524 178665746 172228 0 256579
1788648247.729460 0 0 252 264024 tbf 401152 178924994 172476 0 257343
1788648247.752107 0 0 249 260314 tbf 575422 179191150 172730 0 258175
1788648247.774069 0 0 259 270974 tbf 717628 179456794 172984 0 259052
1788648247.796614 0 0 247 261254 tbf 719886 179724998 173238 0 259944
1788648247.818604 0 0 256 270336 tbf 719500 179988384 173487 0 260823
1788648247.841081 0 0 256 269824 tbf 718988 180257184 173743 0 261709
1788648247.863266 0 0 265 277370 tbf 719374 180536644 174009 0 262598
1788648247.885689 0 0 267 278478 tbf 720188 180814056 174275 0 263497
1788648247.907721 0 0 256 270336 tbf 719122 181084392 174531 0 264382
1788648247.930343 0 0 249 265434 tbf 718140 181349826 174780 0 265224
1788648247.952393 0 0 256 272896 tbf 719416 181623788 175037 0 266047
1788648247.974873 0 0 264 277840 tbf 718308 181901116 175301 0 266849
1788648247.996732 0 0 258 273492 tbf 672042 182174054 175558 0 267531
1788648248.019126 0 0 272 282272 tbf 637762 182457392 175831 0 268266
1788648248.040909 0 0 255 271318 tbf 611238 182727644 176085 0 268954
1788648248.063309 0 0 268 282616 tbf 585822 183012434 176356 0 269692
1788648248.085248 0 0 268 279032 tbf 558106 183289292 176621 0 270409
1788648248.107604 0 0 266 276388 tbf 520502 183567300 176889 0 271119
1788648248.129834 0 0 260 271016 tbf 492148 183843134 177154 0 271838
1788648248.152178 0 0 255 270294 tbf 438294 184110188 177405 0 272497
1788648248.175669 0 0 259 271998 tbf 400816 184392846 177674 0 273206
1788648248.197811 0 0 262 279292 tbf 377364 184659346 177924 0 273895
1788648248.220445 0 0 257 273962 tbf 344318 184940770 178188 0 274601
1788648248.242647 0 0 254 270764 tbf 315536 185201940 178433 0 275252
1788648248.265055 0 0 243 259038 tbf 397274 185468440 178683 0 276013
1788648248.287010 0 0 257 272426 tbf 475814 185735536 178935 0 276767
1788648248.309327 0 0 253 262530 tbf 545532 186003396 179193 0 277509
1788648248.331258 0 0 259 273534 tbf 615762 186272154 179448 0 278263
1788648248.353579 0 0 257 270378 tbf 670514 186544664 179707 0 279009
1788648248.375475 0 0 246 261724 tbf 718484 186802636 179949 0 279741
1788648248.398012 0 0 237 252642 tbf 716352 187060608 180191 0 280471
1788648248.420107 0 0 249 265434 tbf 717418 187321778 180436 0 281296
1788648248.443029 0 0 241 256906 tbf 718484 187584014 180682 0 282087
1788648248.465220 0 0 225 239850 tbf 718484 187814270 180898 0 282817
1788648248.487604 0 0 236 251576 tbf 717418 188075440 181143 0 283654
1788648248.509547 0 0 250 266500 tbf 719550 188335544 181387 0 284460
1788648248.532861 0 0 249 265434 tbf 719550 188607374 181642 0 285295
1788648248.554896 0 0 240 255840 tbf 718484 188856818 181876 0 286047
1788648248.577314 0 0 235 250510 tbf 718484 189114790 182118 0 286852
1788648248.599495 0 0 245 261170 tbf 719550 189367432 182355 0 287631
1788648248.622598 0 0 231 246246 tbf 719550 189617942 182590 0 288379
1788648248.644800 0 0 240 255840 tbf 714220 189871650 182828 0 289180
1788648248.668238 0 0 256 272896 tbf 719550 190148810 183088 0 289962
1788648248.690238 0 0 247 263302 tbf 713154 190408914 183332 0 290710
1788648248.714772 0 0 251 267566 tbf 719550 190707394 183612 0 291547
1788648248.736784 0 0 281 299546 tbf 718484 190973894 183862 0 292331
1788648248.759218 0 0 255 271830 tbf 718484 191252120 184123 0 293124
1788648248.781214 0 0 257 273962 tbf 718484 191519686 184374 0 293856
1788648248.803856 0 0 255 271830 tbf 717418 191798978 184636 0 294650
1788648248.825769 0 0 256 272896 tbf 717418 192064412 184885 0 295374
1788648248.848265 0 0 244 260104 tbf 719550 192331978 185136 0 296108
1788648248.870213 0 0 265 282490 tbf 718484 192607006 185394 0 296876
1788648248.892596 0 0 258 275028 tbf 716352 192887364 185657 0 297657
1788648248.914467 0 0 253 269698 tbf 697164 193151732 185905 0 298377
1788648248.937453 0 0 248 264368 tbf 558584 193417166 186154 0 298976
1788648248.959770 0 0 258 275028 tbf 404014 193693260 186413 0 299600
1788648248.982274 0 0 251 267566 tbf 304876 193962958 186666 0 300229
1788648249.004316 0 0 254 270764 tbf 303810 194227326 186914 0 300917
1788648249.027128 0 0 256 272896 tbf 363506 194513014 187182 0 301686
1788648249.050179 0 0 259 276094 tbf 365638 194779514 187432 0 302378
1788648249.073219 0 0 254 270764 tbf 312338 195055608 187691 0 303067
1788648249.095174 0 0 251 267566 tbf 277160 195316778 187936 0 303750
1788648249.117530 0 0 238 253708 tbf 232388 195576882 188180 0 304398
1788648249.139426 0 0 257 273962 tbf 215542 195844448 188431 0 305092
1788648249.162022 0 0 266 277924 tbf 174866 196127702 188702 0 305803
1788648249.184381 0 0 262 276220 tbf 147318 196398634 188960 0 306500
1788648249.207156 0 0 249 257242 tbf 85322 196666024 189219 0 307163
1788648249.229475 0 0 268 276984 tbf 45838 196931752 189475 0 307842
1788648249.252893 0 0 251 262958 tbf 8528 197214452 189745 0 308550
1788648249.274948 0 0 257 268842 tbf 4264 197465172 189985 0 309053
1788648249.297996 0 0 218 226244 tbf 5330 197694060 190205 0 309494
1788648249.320083 0 0 218 227268 tbf 3198 197920304 190423 0 309931
1788648249.342614 0 0 235 245902 tbf 0 198165098 190656 0 310391
1788648249.365861 0 0 232 237072 tbf 5330 198397906 190884 0 310827
1788648249.388327 0 0 221 230466 tbf 9594 198635876 191113 0 311298
1788648249.410327 0 0 232 242192 tbf 3752 198872696 191339 0 311786
1788648249.433917 0 0 249 262362 tbf 2132 199131348 191585 0 312369
1788648249.455911 0 0 157 164802 tbf 0 199298282 191744 0 312564
1788648249.478261 0 0 172 181816 tbf 1066 199481676 191917 0 312782
1788648249.500933 0 0 224 238784 tbf 0 199719394 192140 0 313207
1788648249.523527 0 0 204 217464 tbf 2132 199936858 192344 0 313543
1788648249.545869 0 0 226 240916 tbf 6396 200179906 192572 0 314004
1788648249.568658 0 0 237 252642 tbf 1066 200435746 192812 0 314515
1788648249.590921 0 0 219 233454 tbf 2132 200663870 193026 0 314866
1788648249.613376 0 0 228 243048 tbf 1066 200907984 193255 0 315382
1788648249.635487 0 0 212 225992 tbf 0 201132910 193466 0 315803
1788648249.658777 0 0 224 238272 tbf 1066 201373314 193692 0 316294
1788648249.680688 0 0 129 131882 tbf 0 201497734 193814 0 316377
1788648249.703975 0 0 133 134610 tbf 0 201637716 193953 0 316481
1788648249.725797 0 0 129 131911 tbf 1066 201767453 194079 0 316563
1788648249.748488 0 0 123 130094 tbf 2132 201893283 194198 0 316633
1788648249.771858 1 66 116 123656 tbf 0 202022269 194319 0 316711
1788648249.793700 0 0 137 139386 tbf 0 202159523 194454 0 316816
1788648249.816105 0 0 118 125788 tbf 1066 202283179 194570 0 316872
1788648249.838173 0 0 129 133418 tbf 0 202415019 194698 0 316969
1788648249.860462 0 0 139 142542 tbf 1066 202557007 194836 0 317077
1788648249.882609 0 0 90 93892 tbf 0 202646635 194922 0 317128
1788648249.905293 0 0 12 6648 tbf 0 202654391 194936 0 317128
1788648249.927188 0 0 14 7756 tbf 0 202662105 194949 0 317128
1788648249.949505 0 0 104 108304 tbf 0 202776805 195059 0 317200
1788648249.972152 0 0 133 134610 tbf 1066 202914101 195195 0 317280
1788648249.994359 0 0 129 132394 tbf 0 203040099 195318 0 317340
1788648250.016497 0 0 121 125402 tbf 1066 203169211 195442 0 317439
1788648250.039118 0 0 127 130774 tbf 0 203302117 195571 0 317535
1788648250.061370 0 0 129 130346 tbf 0 203432463 195700 0 317629
1788648250.083765 0 0 134 134652 tbf 2132 203568223 195836 0 317728
1788648250.105772 0 0 147 147486 tbf 0 203708205 195975 0 317836
1788648250.128063 0 0 126 130220 tbf 0 203846995 196110 0 317905
1788648250.150062 0 0 128 133376 tbf 0 203973933 196231 0 317975
1788648250.172428 0 0 116 123656 tbf 0 204097589 196347 0 318062
1788648250.194643 0 0 122 130052 tbf 0 204228707 196470 0 318168
1788648250.217004 0 0 115 122590 tbf 0 204355561 196589 0 318222
1788648250.239060 0 0 18 19188 tbf 0 204365155 196598 0 318222
1788648250.261398 0 0 6 6396 tbf 0 204370485 196603 0 318222
1788648250.283334 0 0 4 4264 tbf 0 204374749 196607 0 318222
1788648250.307818 0 0 6 6396 tbf 0 204396069 196627 0 318225
1788648250.330161 0 0 121 128986 tbf 0 204515461 196739 0 318272
1788648250.352474 0 0 115 122590 tbf 0 204646579 196862 0 318348
1788648250.374352 0 0 116 123656 tbf 1066 204762773 196971 0 318408
1788648250.396878 0 0 117 124722 tbf 0 204891759 197092 0 318507
1788648250.418764 0 0 114 121524 tbf 0 205005821 197199 0 318581
1788648250.441188 0 0 117 124722 tbf 0 205139071 197324 0 318648
1788648250.463160 0 0 117 124722 tbf 0 205260595 197438 0 318740
1788648250.485568 0 0 119 126854 tbf 0 205387449 197557 0 318800
1788648250.507387 0 0 122 130052 tbf 1066 205517501 197679 0 318882
1788648250.529731 0 0 120 127920 tbf 0 205644355 197798 0 318944
1788648250.551571 0 0 122 130052 tbf 0 205772275 197918 0 319019
1788648250.574035 0 0 110 117260 tbf 0 205892733 198031 0 319082
1788648250.596201 0 0 121 128986 tbf 1066 206023851 198154 0 319149
1788648250.618671 0 0 16 17056 tbf 0 206030247 198160 0 319150
1788648250.640729 0 0 1 71 tbf 0 206030318 198161 0 319150
1788648250.663200 0 0 4 2216 tbf 0 206033088 198166 0 319150
1788648250.685049 1 66 10 5540 tbf 0 206038074 198175 0 319150
1788648250.707644 0 0 2 1620 tbf 0 206039694 198177 0 319150
1788648250.729817 5 336 15 8443 tbf 0 206048137 198192 0 319150
1788648250.752432 0 0 4 4264 tbf 0 206053467 198197 0 319150
1788648250.774318 0 0 8 5456 tbf 0 206058411 198205 0 319150
1788648250.797719 0 0 8 7504 tbf 0 206065361 198212 0 319150
1788648250.819657 0 0 13 10274 tbf 0 206076189 198226 0 319152
1788648250.843137 0 0 21 15218 tbf 0 206091407 198247 0 319152
1788648250.865060 0 0 9 8570 tbf 0 206099423 198255 0 319153
1788648250.887441 0 0 17 12490 tbf 0 206111913 198272 0 319153
1788648250.909369 0 0 5 5330 tbf 0 206118309 198278 0 319153
1788648250.931675 0 0 8 8528 tbf 0 206127903 198287 0 319154
1788648250.953727 0 0 9 9594 tbf 0 206135365 198294 0 319159
1788648250.976164 0 0 10 8612 tbf 0 206143977 198304 0 319160
1788648250.998107 0 0 6 4860 tbf 0 206149391 198311 0 319160
1788648251.020846 0 0 12 11256 tbf 0 206161159 198323 0 319160
1788648251.042794 0 0 15 13430 tbf 0 206173523 198337 0 319162
1788648251.065354 0 0 5 5330 tbf 0 206179919 198343 0 319162
1788648251.087371 0 0 4 4264 tbf 0 206183117 198346 0 319162
1788648251.109846 0 0 10 7588 tbf 0 206190705 198356 0 319163
1788648251.131825 0 0 17 11466 tbf 0 206203279 198375 0 319164
1788648251.154263 0 0 4 3240 tbf 0 206205411 198377 0 319164
1788648251.176316 0 0 2 2132 tbf 0 206207543 198379 0 319164
1788648251.198914 0 0 5 5330 tbf 0 206212873 198384 0 319165
